transaction_id,customer_id,product_id,date,transaction_type,amount,brokerage
890,1002,MF01,03-01-2025,Sell,10933,0.0
888,1002,EQ01,05-07-2022,Sell,28619,143.09
887,1002,EQ01,05-07-2025,Sell,1677,8.38
891,1002,EQ01,06-10-2025,Buy,26523,132.62
881,1002,MF01,15-02-2024,Buy,128968,0.0
885,1002,MF01,15-05-2023,Buy,136797,0.0
883,1002,MF01,15-08-2022,Sell,766,0.0
884,1002,MF01,19-07-2024,Sell,91311,0.0
889,1002,MF01,25-10-2024,Sell,163858,0.0
882,1002,EQ01,26-12-2022,Buy,30678,153.39
886,1002,MF01,29-07-2024,Buy,109769,0.0
672,1003,MF01,06-01-2024,Sell,82689,0.0
671,1003,MF01,08-11-2023,Buy,183449,0.0
674,1003,EQ01,15-08-2023,Buy,68972,344.86
675,1003,EQ01,24-06-2023,Buy,95935,479.68
673,1003,MF01,27-06-2023,Buy,69592,0.0
118,1004,MF01,03-09-2023,Sell,54273,0.0
124,1004,MF01,05-10-2022,Buy,92334,0.0
129,1004,MF01,06-02-2025,Buy,159178,0.0
130,1004,PMS01,06-04-2024,Buy,12854476,128544.76
116,1004,MF01,06-08-2023,Buy,169056,0.0
123,1004,EQ01,07-03-2025,Sell,63951,319.75
125,1004,EQ01,07-11-2024,Buy,198945,994.73
121,1004,EQ01,10-07-2022,Buy,126702,633.51
122,1004,MF01,12-09-2023,Buy,59620,0.0
117,1004,EQ01,13-05-2023,Buy,96978,484.89
128,1004,EQ01,16-07-2024,Sell,89659,448.3
120,1004,EQ01,21-04-2025,Sell,55822,279.11
126,1004,MF01,23-08-2024,Sell,81667,0.0
127,1004,EQ01,26-12-2022,Sell,197498,987.49
119,1004,MF01,30-04-2023,Buy,141337,0.0
248,1005,EQ01,01-12-2022,Buy,161075,805.38
252,1005,EQ01,02-05-2023,Buy,133794,668.97
254,1005,MF01,02-09-2022,Sell,90491,0.0
255,1005,MF01,07-03-2023,Sell,185071,0.0
251,1005,MF01,11-06-2023,Buy,45527,0.0
250,1005,MF01,23-01-2025,Buy,106807,0.0
249,1005,EQ01,23-06-2025,Buy,113816,569.08
253,1005,EQ01,23-08-2024,Buy,48970,244.85
247,1005,MF01,26-02-2025,Buy,150905,0.0
256,1005,EQ01,26-04-2025,Sell,152796,763.98
895,1006,EQ01,13-08-2023,Buy,156071,780.36
894,1006,EQ01,23-08-2023,Buy,120751,603.75
892,1006,MF01,25-03-2024,Buy,147694,0.0
898,1006,MF01,26-07-2024,Buy,186168,0.0
896,1006,EQ01,27-04-2023,Sell,205624,1028.12
899,1006,PMS01,28-04-2025,Buy,18590287,185902.87
897,1006,EQ01,28-06-2024,Sell,12959,64.8
893,1006,MF01,28-12-2023,Sell,12665,0.0
1495,1007,EQ01,05-11-2023,Buy,40873,204.37
1493,1007,EQ01,07-12-2023,Buy,174337,871.69
1500,1007,PMS01,08-12-2023,Buy,18105584,181055.84
1498,1007,EQ01,10-06-2023,Buy,81267,406.34
1502,1007,EQ01,18-05-2025,Buy,69784,348.92
1501,1007,MF01,18-11-2023,Sell,67961,0.0
1499,1007,EQ01,20-10-2022,Sell,335813,1679.07
1497,1007,MF01,21-08-2024,Sell,67568,0.0
1494,1007,MF01,22-02-2023,Buy,155408,0.0
1496,1007,EQ01,25-11-2023,Buy,148973,744.87
1792,1008,EQ01,02-11-2022,Buy,87565,437.82
1793,1008,EQ01,08-08-2024,Buy,119982,599.91
1791,1008,MF01,17-04-2025,Buy,94574,0.0
1789,1008,EQ01,28-01-2023,Buy,173137,865.69
1790,1008,EQ01,28-11-2022,Buy,194006,970.03
320,1009,EQ01,02-05-2025,Buy,51866,259.33
321,1009,EQ01,04-03-2024,Buy,140472,702.36
323,1009,EQ01,08-02-2025,Buy,35846,179.23
322,1009,EQ01,10-07-2024,Buy,44382,221.91
319,1009,MF01,12-02-2023,Buy,32484,0.0
1581,1010,EQ01,04-08-2022,Buy,199002,995.01
1586,1010,MF01,11-08-2025,Buy,95278,0.0
1584,1010,EQ01,13-04-2024,Buy,126964,634.82
1582,1010,EQ01,21-01-2024,Buy,24914,124.57
1585,1010,EQ01,23-01-2025,Buy,113911,569.56
1583,1010,EQ01,31-03-2025,Sell,80990,404.95
1479,1011,MF01,06-02-2024,Buy,107078,0.0
1480,1011,EQ01,16-07-2025,Buy,188577,942.88
1481,1011,MF01,17-04-2023,Buy,193171,0.0
1482,1011,EQ01,18-02-2025,Buy,110670,553.35
1483,1011,MF01,31-08-2022,Sell,161710,0.0
1140,1012,MF01,09-05-2025,Buy,139564,0.0
1136,1012,EQ01,13-06-2025,Buy,129046,645.23
1138,1012,MF01,13-06-2025,Buy,119407,0.0
1139,1012,MF01,14-06-2025,Buy,62613,0.0
1137,1012,EQ01,31-03-2025,Buy,143040,715.2
517,1014,MF01,02-01-2023,Sell,285069,0.0
516,1014,MF01,03-05-2023,Buy,149982,0.0
509,1014,EQ01,03-07-2023,Buy,196667,983.34
510,1014,EQ01,10-01-2023,Buy,134799,674.0
514,1014,PMS01,20-08-2023,Buy,6785739,67857.39
513,1014,MF01,20-09-2024,Sell,33659,0.0
512,1014,MF01,22-08-2024,Buy,135963,0.0
515,1014,EQ01,24-01-2024,Buy,132435,662.18
511,1014,MF01,28-06-2023,Buy,168415,0.0
1558,1015,MF01,01-05-2025,Sell,1451,0.0
1548,1015,MF01,02-01-2025,Sell,90624,0.0
1556,1015,EQ01,03-06-2025,Buy,91616,458.08
1555,1015,EQ01,05-01-2024,Buy,110075,550.38
1546,1015,MF01,08-10-2023,Buy,123322,0.0
1560,1015,MF01,09-10-2023,Buy,139440,0.0
1551,1015,EQ01,11-06-2023,Sell,24441,122.2
1559,1015,EQ01,16-12-2023,Buy,67940,339.7
1547,1015,EQ01,18-02-2025,Buy,91764,458.82
1550,1015,EQ01,19-09-2024,Buy,24296,121.48
1552,1015,EQ01,19-12-2024,Buy,109581,547.9
1554,1015,MF01,20-07-2023,Sell,29169,0.0
1561,1015,MF01,20-11-2023,Sell,56171,0.0
1557,1015,EQ01,21-08-2025,Buy,192818,964.09
1553,1015,PMS01,24-08-2022,Buy,11219789,112197.89
1549,1015,EQ01,25-01-2024,Sell,62089,310.44
33,1016,MF01,01-04-2023,Buy,114281,0.0
30,1016,EQ01,06-04-2023,Buy,187970,939.85
34,1016,MF01,21-03-2025,Sell,112542,0.0
31,1016,EQ01,24-04-2024,Sell,58289,291.44
32,1016,MF01,26-07-2025,Sell,18416,0.0
28,1016,EQ01,28-04-2024,Buy,187918,939.59
29,1016,MF01,30-07-2022,Buy,21282,0.0
1242,1017,EQ01,02-03-2024,Buy,50127,250.64
1255,1017,EQ01,02-03-2024,Sell,209221,1046.11
1252,1017,MF01,04-03-2025,Buy,63617,0.0
1250,1017,EQ01,06-05-2023,Sell,264367,1321.84
1241,1017,EQ01,07-07-2023,Buy,44919,224.59
1238,1017,EQ01,09-03-2024,Buy,31375,156.88
1245,1017,MF01,14-06-2023,Sell,12577,0.0
1253,1017,EQ01,14-08-2022,Buy,69300,346.5
1254,1017,MF01,15-07-2023,Buy,134902,0.0
1249,1017,MF01,16-11-2022,Sell,62023,0.0
1247,1017,PMS01,19-10-2022,Buy,19519411,195194.11
1248,1017,EQ01,24-07-2022,Buy,119412,597.06
1240,1017,MF01,26-03-2025,Sell,147721,0.0
1244,1017,MF01,26-05-2023,Buy,136132,0.0
1239,1017,MF01,27-02-2024,Buy,193344,0.0
1251,1017,EQ01,27-03-2024,Buy,176672,883.36
1243,1017,MF01,28-07-2023,Sell,3583,0.0
1246,1017,EQ01,28-09-2023,Buy,55703,278.51
2033,1018,EQ01,02-09-2023,Buy,178291,891.46
2036,1018,MF01,03-10-2024,Sell,28535,0.0
2041,1018,EQ01,04-04-2024,Sell,46,0.23
2042,1018,MF01,12-09-2022,Buy,67246,0.0
2035,1018,EQ01,13-06-2024,Sell,72672,363.36
2039,1018,EQ01,20-12-2023,Sell,64982,324.91
2037,1018,EQ01,21-11-2022,Sell,40275,201.38
2034,1018,MF01,25-08-2023,Buy,122463,0.0
2038,1018,PMS01,28-09-2023,Buy,8476975,84769.75
2040,1018,MF01,28-09-2024,Sell,54398,0.0
2043,1018,MF01,30-05-2024,Sell,102462,0.0
1572,1020,MF01,03-07-2023,Sell,220286,0.0
1575,1020,EQ01,03-10-2025,Buy,76689,383.44
1576,1020,MF01,05-06-2023,Sell,18514,0.0
1578,1020,EQ01,05-07-2024,Buy,58337,291.69
1574,1020,MF01,06-02-2023,Sell,19100,0.0
1568,1020,MF01,07-09-2023,Buy,181221,0.0
1573,1020,PMS01,12-02-2023,Buy,17715012,177150.12
1571,1020,MF01,14-08-2024,Buy,90676,0.0
1570,1020,EQ01,15-07-2023,Buy,40671,203.36
1580,1020,EQ01,19-07-2023,Sell,8155,40.77
1577,1020,MF01,21-08-2023,Buy,34584,0.0
1579,1020,EQ01,23-11-2024,Sell,137974,689.87
1569,1020,EQ01,24-02-2023,Buy,134887,674.44
1957,1022,MF01,01-03-2025,Sell,153952,0.0
1960,1022,PMS01,01-11-2024,Buy,10804698,108046.98
1963,1022,EQ01,02-06-2024,Buy,164842,824.21
1969,1022,EQ01,04-06-2024,Sell,455615,2278.08
1962,1022,EQ01,05-10-2025,Buy,91419,457.1
1965,1022,MF01,07-06-2024,Buy,127241,0.0
1966,1022,MF01,07-06-2025,Buy,111265,0.0
1954,1022,MF01,07-08-2023,Buy,91770,0.0
1961,1022,EQ01,07-09-2025,Buy,151650,758.25
1956,1022,MF01,10-09-2023,Buy,82860,0.0
1953,1022,EQ01,12-09-2022,Buy,33834,169.17
1955,1022,EQ01,16-02-2025,Sell,10516,52.58
1968,1022,MF01,16-09-2025,Sell,42488,0.0
1967,1022,MF01,17-08-2023,Buy,36554,0.0
1959,1022,EQ01,21-12-2022,Buy,181343,906.72
1964,1022,EQ01,22-08-2022,Buy,38649,193.25
1958,1022,EQ01,26-08-2024,Buy,186902,934.51
270,1023,MF01,01-06-2023,Sell,38128,0.0
263,1023,EQ01,01-07-2023,Sell,433405,2167.03
257,1023,EQ01,02-09-2022,Buy,125773,628.87
273,1023,MF01,03-05-2024,Buy,114739,0.0
262,1023,EQ01,03-09-2023,Buy,165931,829.65
259,1023,MF01,06-06-2023,Buy,124421,0.0
268,1023,EQ01,09-01-2023,Sell,49786,248.93
264,1023,EQ01,12-12-2022,Buy,84514,422.57
266,1023,MF01,13-04-2023,Sell,237814,0.0
265,1023,MF01,22-03-2023,Buy,140087,0.0
260,1023,EQ01,24-04-2023,Buy,180736,903.68
269,1023,MF01,25-07-2024,Buy,26509,0.0
261,1023,MF01,25-09-2025,Sell,40626,0.0
258,1023,MF01,25-10-2024,Buy,191465,0.0
272,1023,MF01,26-06-2024,Sell,73298,0.0
267,1023,PMS01,27-01-2024,Buy,8681620,86816.2
271,1023,MF01,28-10-2024,Sell,79811,0.0
816,1024,EQ01,05-04-2024,Buy,27931,139.66
813,1024,EQ01,08-04-2024,Sell,120112,600.56
821,1024,EQ01,08-04-2024,Buy,102169,510.85
814,1024,MF01,09-04-2023,Buy,138606,0.0
820,1024,MF01,09-04-2023,Buy,111948,0.0
826,1024,EQ01,11-11-2024,Sell,79903,399.51
824,1024,EQ01,16-11-2024,Buy,110278,551.39
815,1024,EQ01,18-01-2025,Sell,914,4.57
825,1024,MF01,18-07-2025,Buy,120999,0.0
822,1024,MF01,18-08-2025,Buy,50849,0.0
818,1024,EQ01,19-03-2023,Buy,42376,211.88
823,1024,MF01,25-01-2025,Buy,122740,0.0
819,1024,EQ01,25-12-2023,Sell,88804,444.02
817,1024,MF01,26-01-2025,Sell,68696,0.0
827,1024,MF01,27-07-2022,Buy,137652,0.0
828,1024,EQ01,27-07-2024,Buy,142809,714.04
812,1024,EQ01,29-01-2025,Buy,146866,734.33
829,1024,MF01,30-07-2023,Buy,127658,0.0
289,1025,EQ01,01-01-2023,Sell,13198,65.99
292,1025,EQ01,02-06-2024,Sell,132131,660.65
296,1025,MF01,08-03-2024,Buy,169183,0.0
294,1025,EQ01,11-06-2025,Buy,84651,423.25
297,1025,MF01,18-07-2023,Sell,155728,0.0
291,1025,EQ01,23-03-2024,Buy,77890,389.45
287,1025,MF01,23-04-2025,Buy,87814,0.0
298,1025,EQ01,23-07-2022,Buy,47099,235.5
288,1025,EQ01,26-04-2024,Buy,74182,370.91
295,1025,MF01,26-10-2024,Sell,106837,0.0
290,1025,MF01,28-05-2025,Buy,154335,0.0
293,1025,PMS01,28-09-2025,Buy,13454240,134542.4
202,1026,EQ01,04-01-2025,Buy,41989,209.94
203,1026,EQ01,05-04-2024,Sell,83573,417.87
200,1026,EQ01,06-07-2022,Sell,34167,170.84
201,1026,MF01,07-02-2023,Buy,56608,0.0
196,1026,EQ01,08-08-2024,Sell,41618,208.09
207,1026,EQ01,09-09-2023,Buy,91207,456.04
210,1026,EQ01,10-08-2024,Sell,30614,153.07
209,1026,EQ01,10-12-2022,Sell,27562,137.81
204,1026,EQ01,11-07-2024,Sell,24547,122.73
198,1026,EQ01,11-09-2024,Sell,9262,46.31
193,1026,EQ01,14-05-2023,Buy,144433,722.16
197,1026,EQ01,15-10-2023,Sell,27687,138.44
206,1026,MF01,16-12-2023,Buy,96935,0.0
194,1026,EQ01,17-04-2023,Sell,65122,325.61
205,1026,EQ01,20-03-2024,Sell,1564,7.82
208,1026,PMS01,22-02-2023,Buy,14302654,143026.54
199,1026,EQ01,25-07-2024,Buy,161233,806.16
211,1026,EQ01,25-10-2022,Buy,171026,855.13
195,1026,MF01,29-06-2025,Buy,175739,0.0
1889,1027,MF01,03-07-2025,Sell,444,0.0
1891,1027,PMS01,10-06-2025,Buy,8491449,84914.49
1885,1027,EQ01,16-09-2024,Buy,88619,443.1
1886,1027,EQ01,17-09-2023,Buy,169499,847.5
1884,1027,EQ01,18-05-2024,Buy,150141,750.71
1893,1027,MF01,20-01-2023,Buy,30868,0.0
1892,1027,EQ01,20-09-2022,Sell,239745,1198.73
1894,1027,PMS01,23-12-2023,Buy,8721559,87215.59
1887,1027,MF01,25-05-2025,Buy,139672,0.0
1890,1027,MF01,25-10-2022,Sell,7616,0.0
1888,1027,MF01,27-07-2022,Sell,126975,0.0
2086,1028,MF01,06-08-2025,Sell,101650,0.0
2087,1028,EQ01,12-03-2023,Sell,121082,605.41
2090,1028,PMS01,12-08-2023,Sell,11636376,116363.76
2085,1028,MF01,19-03-2025,Buy,104198,0.0
2091,1028,MF01,22-01-2024,Sell,279,0.0
2088,1028,EQ01,25-08-2024,Sell,49631,248.16
2089,1028,PMS01,26-08-2022,Buy,15372074,153720.74
2083,1028,EQ01,30-07-2022,Buy,83383,416.92
2084,1028,EQ01,31-05-2025,Buy,148721,743.61
418,1030,MF01,02-03-2025,Sell,99556,0.0
414,1030,EQ01,05-08-2024,Buy,103739,518.7
416,1030,EQ01,05-08-2024,Sell,233481,1167.4
420,1030,MF01,05-10-2025,Buy,46743,0.0
415,1030,EQ01,11-02-2025,Buy,99344,496.72
417,1030,MF01,12-02-2023,Buy,131543,0.0
419,1030,MF01,25-09-2023,Sell,6289,0.0
413,1030,EQ01,31-10-2022,Buy,38058,190.29
867,1032,EQ01,01-12-2023,Sell,33401,167.0
868,1032,MF01,02-06-2023,Buy,178377,0.0
865,1032,EQ01,02-07-2025,Sell,1229,6.15
874,1032,EQ01,03-04-2023,Sell,92230,461.15
880,1032,MF01,03-10-2025,Buy,174823,0.0
863,1032,EQ01,10-02-2023,Buy,187239,936.2
876,1032,PMS01,11-06-2024,Buy,8198231,81982.31
871,1032,EQ01,12-01-2025,Sell,241054,1205.27
872,1032,EQ01,12-03-2025,Buy,55704,278.52
873,1032,MF01,12-09-2025,Buy,55670,0.0
877,1032,EQ01,13-05-2023,Sell,30152,150.76
869,1032,EQ01,13-09-2024,Buy,31976,159.88
875,1032,EQ01,20-05-2023,Sell,1274,6.37
866,1032,MF01,20-11-2023,Buy,90078,0.0
879,1032,EQ01,21-04-2025,Sell,57058,285.29
864,1032,EQ01,22-04-2025,Sell,16643,83.22
870,1032,EQ01,23-12-2022,Buy,142740,713.7
878,1032,EQ01,24-01-2023,Buy,136381,681.9
2100,1033,MF01,03-02-2024,Buy,159466,0.0
2093,1033,EQ01,04-07-2022,Sell,1462,7.31
2099,1033,EQ01,07-02-2023,Sell,3497,17.48
2103,1033,MF01,07-08-2025,Sell,154399,0.0
2095,1033,EQ01,10-09-2022,Buy,147237,736.19
2102,1033,MF01,10-10-2024,Buy,109864,0.0
2098,1033,EQ01,11-05-2025,Sell,15499,77.5
2094,1033,MF01,12-12-2024,Buy,42590,0.0
2105,1033,MF01,13-03-2023,Sell,19570,0.0
2092,1033,EQ01,13-10-2023,Buy,40489,202.44
2097,1033,MF01,23-11-2023,Sell,12015,0.0
2096,1033,EQ01,24-07-2025,Sell,141588,707.94
2104,1033,MF01,24-08-2023,Buy,60984,0.0
2106,1033,EQ01,25-04-2024,Buy,60412,302.06
2101,1033,EQ01,28-04-2025,Sell,15204,76.02
607,1034,MF01,02-04-2024,Buy,191143,0.0
608,1034,MF01,02-06-2025,Sell,467175,0.0
602,1034,EQ01,02-07-2023,Buy,68318,341.59
601,1034,MF01,03-05-2023,Buy,69714,0.0
604,1034,MF01,03-06-2023,Buy,70564,0.0
615,1034,MF01,04-02-2025,Buy,159247,0.0
611,1034,EQ01,06-01-2023,Sell,9765,48.83
606,1034,EQ01,09-05-2024,Sell,4533,22.66
613,1034,EQ01,17-07-2022,Buy,151063,755.32
612,1034,MF01,18-11-2023,Buy,89221,0.0
605,1034,MF01,19-09-2023,Buy,144200,0.0
614,1034,PMS01,22-08-2024,Buy,13517192,135171.92
603,1034,EQ01,25-02-2024,Sell,44163,220.81
600,1034,MF01,25-10-2022,Buy,89644,0.0
610,1034,MF01,26-09-2024,Sell,98683,0.0
609,1034,MF01,30-10-2022,Buy,105911,0.0
2132,1035,MF01,02-02-2025,Buy,63298,0.0
2125,1035,MF01,02-11-2023,Sell,56566,0.0
2134,1035,PMS01,09-01-2024,Buy,19173828,191738.28
2127,1035,MF01,09-08-2025,Buy,161885,0.0
2128,1035,MF01,09-11-2022,Buy,84903,0.0
2124,1035,MF01,10-02-2024,Buy,159150,0.0
2131,1035,EQ01,10-10-2022,Buy,106782,533.91
2129,1035,PMS01,11-01-2025,Buy,7708379,77083.79
2133,1035,MF01,11-10-2023,Buy,80855,0.0
2130,1035,MF01,21-01-2023,Buy,184589,0.0
2126,1035,EQ01,22-07-2024,Buy,71863,359.31
1310,1036,MF01,01-03-2024,Sell,159077,0.0
1309,1036,MF01,01-11-2023,Buy,68367,0.0
1313,1036,MF01,06-09-2023,Buy,140892,0.0
1314,1036,PMS01,09-10-2023,Buy,6020774,60207.74
1311,1036,EQ01,11-11-2024,Buy,117869,589.35
1307,1036,EQ01,15-06-2025,Buy,31366,156.83
1312,1036,EQ01,22-12-2022,Buy,44363,221.81
1306,1036,MF01,26-07-2025,Buy,182701,0.0
1315,1036,MF01,26-08-2024,Sell,123282,0.0
1308,1036,MF01,29-09-2022,Sell,59585,0.0
585,1037,EQ01,01-11-2023,Sell,33899,169.5
583,1037,MF01,03-05-2023,Sell,141931,0.0
590,1037,EQ01,04-09-2022,Sell,15812,79.06
586,1037,EQ01,07-07-2024,Buy,88406,442.03
589,1037,EQ01,08-10-2024,Sell,47738,238.69
592,1037,EQ01,11-05-2023,Sell,9194,45.97
588,1037,MF01,17-05-2024,Sell,13455,0.0
587,1037,EQ01,18-08-2022,Sell,10235,51.18
584,1037,EQ01,20-03-2023,Buy,41361,206.81
591,1037,MF01,21-01-2023,Buy,110563,0.0
593,1037,PMS01,26-09-2022,Buy,19392715,193927.15
582,1037,MF01,30-04-2025,Buy,167561,0.0
1228,1039,PMS01,01-09-2025,Buy,14945053,149450.53
1224,1039,EQ01,01-10-2023,Buy,143197,715.99
1219,1039,EQ01,04-07-2025,Buy,39811,199.06
1226,1039,EQ01,04-09-2023,Buy,50185,250.93
1225,1039,EQ01,07-02-2023,Buy,140773,703.87
1227,1039,MF01,08-10-2023,Buy,69614,0.0
1223,1039,MF01,12-04-2025,Sell,138975,0.0
1229,1039,EQ01,13-09-2024,Sell,344862,1724.31
1220,1039,MF01,17-12-2024,Buy,170331,0.0
1221,1039,EQ01,18-04-2023,Sell,25540,127.7
1222,1039,MF01,19-01-2024,Sell,2348,0.0
1230,1039,MF01,22-01-2024,Buy,75273,0.0
25,1040,PMS01,02-08-2022,Sell,2798643,27986.43
13,1040,MF01,04-08-2022,Buy,39639,0.0
19,1040,EQ01,05-01-2024,Buy,172325,861.62
12,1040,MF01,07-04-2025,Buy,152011,0.0
10,1040,MF01,07-08-2025,Buy,136182,0.0
16,1040,EQ01,08-04-2024,Sell,33393,166.97
18,1040,MF01,09-04-2024,Buy,158895,0.0
20,1040,PMS01,11-08-2024,Buy,19745053,197450.53
24,1040,EQ01,14-07-2024,Sell,36596,182.98
26,1040,EQ01,15-08-2024,Sell,5347,26.73
14,1040,EQ01,16-07-2024,Buy,165418,827.09
15,1040,MF01,17-03-2024,Buy,151925,0.0
9,1040,EQ01,17-10-2023,Buy,99270,496.35
23,1040,MF01,20-04-2024,Buy,191735,0.0
27,1040,EQ01,21-04-2025,Buy,168343,841.72
17,1040,EQ01,24-08-2023,Sell,103774,518.87
21,1040,EQ01,27-02-2025,Sell,159112,795.56
22,1040,MF01,27-03-2023,Buy,58398,0.0
11,1040,EQ01,31-10-2024,Sell,92853,464.26
987,1041,MF01,02-08-2023,Buy,161110,0.0
1001,1041,MF01,02-08-2023,Buy,163451,0.0
991,1041,PMS01,04-08-2022,Buy,17899955,178999.55
997,1041,MF01,04-09-2023,Buy,170033,0.0
999,1041,PMS01,05-07-2023,Buy,7298059,72980.59
1002,1041,EQ01,06-01-2024,Sell,10224,51.12
995,1041,EQ01,10-12-2022,Buy,134300,671.5
994,1041,MF01,18-05-2024,Buy,147040,0.0
993,1041,EQ01,18-11-2022,Sell,174698,873.49
1000,1041,EQ01,18-11-2023,Sell,99129,495.65
989,1041,EQ01,20-08-2024,Sell,54591,272.95
1003,1041,MF01,20-09-2025,Buy,40063,0.0
990,1041,EQ01,22-12-2022,Buy,161470,807.35
986,1041,EQ01,24-05-2023,Buy,100940,504.7
996,1041,MF01,26-04-2024,Buy,80333,0.0
992,1041,PMS01,26-09-2024,Sell,15478669,154786.69
998,1041,EQ01,29-09-2022,Sell,41177,205.88
988,1041,EQ01,30-10-2022,Sell,3375,16.88
347,1042,MF01,02-04-2025,Sell,88474,0.0
354,1042,EQ01,06-08-2022,Buy,164928,824.64
344,1042,EQ01,13-05-2025,Sell,27106,135.53
346,1042,MF01,14-09-2024,Buy,41623,0.0
348,1042,EQ01,18-09-2024,Buy,150140,750.7
349,1042,EQ01,21-08-2024,Buy,177395,886.98
350,1042,EQ01,23-02-2023,Sell,389213,1946.07
352,1042,EQ01,24-06-2025,Sell,21972,109.86
351,1042,MF01,25-07-2024,Sell,25909,0.0
345,1042,MF01,25-09-2025,Sell,21070,0.0
342,1042,EQ01,27-04-2024,Buy,127222,636.11
353,1042,MF01,28-01-2025,Sell,4009,0.0
343,1042,MF01,29-08-2022,Buy,112097,0.0
2024,1043,EQ01,04-08-2025,Buy,61338,306.69
2029,1043,MF01,07-01-2024,Sell,118,0.0
2022,1043,MF01,09-04-2023,Buy,145483,0.0
2027,1043,EQ01,10-03-2023,Sell,26282,131.41
2032,1043,MF01,13-04-2025,Sell,2214,0.0
2026,1043,EQ01,13-10-2022,Sell,856,4.28
2031,1043,EQ01,15-02-2023,Buy,47384,236.92
2028,1043,EQ01,15-09-2024,Buy,76903,384.51
2025,1043,MF01,16-05-2023,Sell,12288,0.0
2023,1043,MF01,20-05-2024,Sell,130283,0.0
2030,1043,EQ01,24-09-2025,Buy,27350,136.75
1614,1044,EQ01,01-03-2025,Sell,31790,158.95
1609,1044,MF01,01-10-2022,Buy,128048,0.0
1607,1044,EQ01,02-02-2023,Buy,134925,674.62
1620,1044,PMS01,08-11-2023,Buy,6085755,60857.55
1610,1044,MF01,11-01-2024,Sell,122055,0.0
1621,1044,MF01,11-04-2023,Sell,6486,0.0
1613,1044,MF01,14-12-2024,Sell,125826,0.0
1617,1044,EQ01,16-01-2025,Sell,42659,213.3
1616,1044,EQ01,19-03-2024,Sell,32690,163.45
1618,1044,MF01,21-02-2025,Sell,3496,0.0
1608,1044,EQ01,25-02-2023,Sell,92337,461.69
1611,1044,MF01,27-09-2025,Buy,176782,0.0
1619,1044,EQ01,29-07-2023,Buy,187098,935.49
1612,1044,EQ01,30-01-2024,Buy,97388,486.94
1615,1044,PMS01,31-08-2022,Buy,11787504,117875.04
1116,1045,EQ01,05-07-2022,Sell,53180,265.9
1115,1045,EQ01,08-03-2025,Buy,43091,215.46
1111,1045,EQ01,08-04-2025,Buy,41927,209.63
1112,1045,EQ01,16-01-2023,Sell,19085,95.42
1113,1045,MF01,23-06-2024,Buy,82463,0.0
1110,1045,MF01,27-07-2022,Buy,27577,0.0
1114,1045,EQ01,30-09-2025,Sell,125,0.62
1802,1047,MF01,01-11-2022,Sell,106418,0.0
1807,1047,EQ01,02-03-2025,Sell,163775,818.88
1804,1047,MF01,04-07-2024,Buy,36695,0.0
1800,1047,EQ01,07-11-2022,Buy,110733,553.66
1805,1047,MF01,08-01-2024,Sell,273476,0.0
1797,1047,MF01,08-12-2024,Buy,96773,0.0
1794,1047,EQ01,11-07-2023,Buy,149820,749.1
1806,1047,MF01,11-08-2022,Sell,8758,0.0
1809,1047,PMS01,13-07-2022,Buy,11455792,114557.92
1796,1047,MF01,21-04-2024,Buy,146277,0.0
1810,1047,EQ01,21-07-2023,Sell,32987,164.94
1799,1047,EQ01,22-07-2025,Buy,40128,200.64
1808,1047,MF01,24-07-2024,Sell,269,0.0
1795,1047,EQ01,26-07-2022,Buy,159161,795.81
1801,1047,MF01,28-03-2025,Buy,176749,0.0
1803,1047,EQ01,30-07-2022,Sell,262638,1313.19
1798,1047,MF01,30-12-2023,Sell,65010,0.0
1181,1048,MF01,07-12-2022,Buy,82284,0.0
1182,1048,MF01,16-09-2023,Sell,51938,0.0
1179,1048,EQ01,17-08-2022,Buy,58232,291.16
1180,1048,EQ01,17-12-2023,Sell,12441,62.2
1178,1048,EQ01,21-08-2023,Sell,17107,85.53
1177,1048,EQ01,22-04-2024,Buy,138671,693.36
1183,1048,MF01,27-02-2024,Sell,11974,0.0
1518,1049,MF01,02-07-2023,Buy,128011,0.0
1520,1049,MF01,06-07-2022,Buy,46763,0.0
1521,1049,EQ01,07-08-2023,Buy,59827,299.13
1522,1049,EQ01,08-04-2023,Sell,16038,80.19
1519,1049,MF01,30-08-2024,Buy,135918,0.0
2073,1050,EQ01,02-04-2025,Sell,100872,504.36
2077,1050,MF01,02-07-2022,Sell,17632,0.0
2064,1050,MF01,03-10-2025,Buy,149750,0.0
2081,1050,MF01,06-08-2022,Buy,166736,0.0
2074,1050,MF01,09-07-2025,Buy,45563,0.0
2065,1050,EQ01,10-11-2022,Buy,159854,799.27
2072,1050,MF01,12-03-2024,Sell,86260,0.0
2082,1050,EQ01,12-08-2025,Buy,81114,405.57
2075,1050,MF01,18-03-2025,Sell,23567,0.0
2071,1050,PMS01,19-03-2024,Buy,11583757,115837.57
2076,1050,EQ01,19-08-2025,Buy,174133,870.66
2070,1050,EQ01,19-10-2022,Sell,67133,335.67
2069,1050,MF01,20-07-2024,Sell,194808,0.0
2079,1050,EQ01,21-08-2024,Buy,59717,298.58
2080,1050,MF01,24-05-2024,Buy,182531,0.0
2066,1050,MF01,25-08-2022,Buy,165115,0.0
2078,1050,EQ01,26-10-2022,Buy,149041,745.21
2067,1050,EQ01,29-05-2024,Buy,199241,996.21
2068,1050,EQ01,30-01-2024,Buy,60492,302.46
2052,1051,MF01,01-02-2024,Sell,370844,0.0
2051,1051,MF01,02-08-2022,Sell,166741,0.0
2050,1051,MF01,02-09-2022,Buy,137314,0.0
2057,1051,EQ01,05-10-2023,Buy,102533,512.66
2061,1051,MF01,06-03-2024,Sell,112979,0.0
2058,1051,EQ01,07-03-2025,Buy,31445,157.22
2053,1051,PMS01,10-10-2024,Buy,6799100,67991.0
2059,1051,EQ01,11-06-2025,Sell,29078,145.39
2062,1051,MF01,13-04-2025,Buy,176299,0.0
2055,1051,EQ01,15-06-2025,Buy,50391,251.96
2063,1051,EQ01,17-09-2023,Sell,63382,316.91
2045,1051,MF01,18-11-2023,Buy,164244,0.0
2048,1051,MF01,20-05-2025,Buy,164336,0.0
2056,1051,MF01,22-07-2022,Buy,34542,0.0
2046,1051,EQ01,28-04-2025,Buy,30127,150.63
2054,1051,EQ01,28-06-2023,Sell,65470,327.35
2044,1051,MF01,28-10-2023,Buy,83556,0.0
2047,1051,EQ01,29-05-2024,Sell,26011,130.06
2060,1051,MF01,29-09-2022,Buy,73398,0.0
2049,1051,EQ01,30-05-2023,Buy,149134,745.67
1531,1052,EQ01,02-02-2024,Sell,92466,462.33
1533,1052,MF01,03-12-2022,Sell,22214,0.0
1541,1052,PMS01,04-06-2024,Sell,2634877,26348.77
1542,1052,MF01,10-08-2025,Buy,64239,0.0
1544,1052,PMS01,11-04-2023,Sell,1458018,14580.18
1538,1052,EQ01,11-08-2022,Buy,187427,937.13
1532,1052,MF01,13-04-2025,Sell,72703,0.0
1535,1052,EQ01,14-04-2025,Sell,11579,57.9
1530,1052,MF01,14-11-2024,Buy,169578,0.0
1543,1052,PMS01,15-07-2023,Sell,9451647,94516.47
1536,1052,PMS01,16-11-2022,Buy,14187358,141873.58
1539,1052,EQ01,19-06-2023,Sell,87197,435.99
1540,1052,MF01,19-10-2024,Sell,368,0.0
1537,1052,EQ01,21-08-2023,Buy,86058,430.29
1534,1052,MF01,24-12-2022,Sell,45156,0.0
1545,1052,EQ01,30-07-2025,Sell,104063,520.32
1529,1052,EQ01,31-07-2022,Buy,112077,560.38
984,1053,MF01,04-12-2022,Sell,7782,0.0
982,1053,EQ01,11-04-2023,Buy,84673,423.37
979,1053,MF01,18-12-2023,Buy,76971,0.0
975,1053,EQ01,21-08-2025,Buy,117919,589.6
976,1053,EQ01,23-03-2023,Sell,37654,188.27
977,1053,EQ01,25-04-2024,Sell,14864,74.32
980,1053,EQ01,26-07-2025,Sell,137396,686.98
981,1053,MF01,29-05-2025,Sell,53469,0.0
983,1053,EQ01,30-09-2025,Sell,155777,778.88
978,1053,EQ01,31-08-2023,Buy,162136,810.68
985,1053,MF01,31-10-2022,Buy,64352,0.0
77,1054,EQ01,03-04-2023,Sell,29724,148.62
63,1054,EQ01,05-02-2023,Buy,120132,600.66
69,1054,MF01,06-01-2025,Buy,168225,0.0
62,1054,MF01,06-06-2025,Buy,90848,0.0
64,1054,EQ01,07-03-2024,Sell,117822,589.11
70,1054,MF01,08-06-2024,Buy,194130,0.0
74,1054,MF01,11-03-2023,Buy,102259,0.0
67,1054,MF01,13-09-2025,Sell,27630,0.0
66,1054,MF01,15-01-2024,Buy,63115,0.0
65,1054,MF01,16-02-2023,Sell,72485,0.0
73,1054,EQ01,17-05-2024,Buy,58644,293.22
76,1054,MF01,21-03-2024,Sell,3102,0.0
75,1054,MF01,22-10-2023,Sell,174066,0.0
71,1054,MF01,22-12-2023,Sell,272980,0.0
68,1054,EQ01,23-09-2023,Sell,620,3.1
72,1054,MF01,25-09-2024,Buy,47288,0.0
1338,1055,EQ01,04-07-2024,Buy,162901,814.5
1336,1055,EQ01,06-03-2024,Sell,876,4.38
1337,1055,MF01,13-07-2024,Buy,171432,0.0
1339,1055,MF01,15-01-2024,Buy,96745,0.0
1340,1055,MF01,16-06-2023,Buy,197023,0.0
1335,1055,EQ01,22-02-2024,Buy,131419,657.1
1341,1055,MF01,22-03-2024,Sell,440836,0.0
1930,1056,EQ01,01-07-2024,Sell,10753,53.77
1933,1056,MF01,02-09-2025,Sell,187236,0.0
1929,1056,EQ01,04-07-2022,Buy,189445,947.23
1926,1056,EQ01,05-07-2022,Buy,40676,203.38
1927,1056,MF01,11-12-2023,Buy,82907,0.0
1922,1056,EQ01,14-11-2022,Buy,104304,521.52
1932,1056,EQ01,17-03-2025,Sell,182932,914.66
1923,1056,EQ01,21-03-2025,Sell,55809,279.05
1928,1056,EQ01,21-12-2022,Sell,75262,376.31
1931,1056,MF01,22-09-2022,Sell,106977,0.0
1924,1056,MF01,22-09-2025,Buy,96789,0.0
1925,1056,MF01,25-12-2023,Buy,139649,0.0
276,1057,MF01,01-03-2025,Buy,85170,0.0
280,1057,EQ01,04-02-2024,Sell,20676,103.38
274,1057,MF01,06-07-2022,Buy,30527,0.0
278,1057,MF01,08-09-2025,Buy,76350,0.0
286,1057,EQ01,10-04-2023,Sell,725,3.62
282,1057,EQ01,11-07-2025,Sell,60213,301.06
285,1057,EQ01,12-08-2023,Sell,21963,109.81
275,1057,MF01,22-06-2024,Buy,74199,0.0
281,1057,MF01,23-04-2024,Buy,86608,0.0
283,1057,MF01,23-05-2025,Buy,36896,0.0
284,1057,EQ01,24-09-2023,Sell,28817,144.09
277,1057,MF01,29-09-2023,Buy,196472,0.0
279,1057,EQ01,30-07-2024,Buy,133483,667.41
1528,1058,EQ01,03-08-2023,Sell,34641,173.21
1523,1058,MF01,03-11-2023,Buy,27919,0.0
1527,1058,MF01,15-11-2024,Buy,117882,0.0
1525,1058,EQ01,29-04-2025,Buy,60971,304.86
1524,1058,EQ01,29-06-2025,Buy,163233,816.16
1526,1058,EQ01,30-08-2023,Sell,48306,241.53
1845,1059,MF01,01-09-2022,Sell,277,0.0
1848,1059,PMS01,02-09-2024,Sell,15270931,152709.31
1841,1059,EQ01,04-08-2023,Sell,365518,1827.59
1849,1059,MF01,05-02-2025,Sell,37885,0.0
1851,1059,EQ01,06-08-2025,Sell,115947,579.74
1838,1059,EQ01,09-08-2025,Buy,94797,473.99
1835,1059,EQ01,09-10-2022,Buy,198785,993.93
1850,1059,EQ01,10-12-2023,Buy,58598,292.99
1844,1059,EQ01,13-02-2023,Buy,184862,924.31
1834,1059,EQ01,13-09-2024,Buy,129003,645.01
1836,1059,MF01,14-02-2023,Buy,86746,0.0
1840,1059,MF01,15-08-2025,Sell,27295,0.0
1839,1059,PMS01,17-07-2023,Buy,16690086,166900.86
1837,1059,MF01,21-09-2023,Sell,58177,0.0
1847,1059,MF01,21-09-2023,Sell,6317,0.0
1846,1059,MF01,23-04-2024,Buy,79524,0.0
1842,1059,EQ01,23-08-2024,Buy,46343,231.72
1843,1059,MF01,31-07-2024,Sell,671,0.0
844,1060,EQ01,02-02-2025,Sell,250546,1252.73
843,1060,MF01,06-07-2024,Buy,88151,0.0
840,1060,EQ01,07-11-2023,Sell,3595,17.98
838,1060,EQ01,12-06-2023,Sell,14166,70.83
839,1060,EQ01,14-12-2023,Buy,38536,192.68
841,1060,MF01,19-11-2023,Buy,168718,0.0
836,1060,EQ01,21-11-2022,Buy,82235,411.18
837,1060,EQ01,24-01-2024,Sell,6481,32.41
842,1060,EQ01,27-04-2023,Buy,188539,942.7
1039,1061,MF01,01-09-2024,Buy,188571,0.0
1043,1061,EQ01,04-09-2025,Buy,159080,795.4
1038,1061,EQ01,05-03-2023,Sell,79295,396.48
1040,1061,MF01,09-09-2022,Buy,190820,0.0
1036,1061,EQ01,09-12-2024,Sell,15560,77.8
1028,1061,EQ01,11-05-2025,Sell,16300,81.5
1033,1061,EQ01,11-08-2022,Sell,5057,25.29
1034,1061,EQ01,12-03-2023,Buy,133827,669.13
1041,1061,MF01,12-07-2023,Sell,86018,0.0
1029,1061,MF01,12-10-2024,Buy,22439,0.0
1042,1061,EQ01,13-07-2023,Sell,1309,6.54
1044,1061,PMS01,14-06-2025,Buy,16050918,160509.18
1037,1061,EQ01,17-11-2023,Sell,39684,198.42
1035,1061,MF01,19-07-2022,Sell,112724,0.0
1027,1061,EQ01,20-03-2025,Buy,96434,482.17
1031,1061,EQ01,20-09-2023,Sell,71691,358.45
1030,1061,MF01,22-04-2024,Sell,6408,0.0
1045,1061,MF01,25-03-2024,Sell,164527,0.0
1046,1061,EQ01,27-12-2024,Sell,47541,237.71
1032,1061,MF01,31-10-2024,Buy,143798,0.0
542,1062,EQ01,01-05-2025,Buy,184350,921.75
554,1062,EQ01,02-11-2023,Sell,77662,388.31
540,1062,EQ01,05-08-2023,Buy,122949,614.75
545,1062,EQ01,05-10-2022,Buy,158324,791.62
539,1062,EQ01,05-11-2022,Buy,39549,197.75
553,1062,PMS01,06-09-2022,Buy,13739098,137390.98
550,1062,MF01,08-10-2022,Sell,21778,0.0
548,1062,EQ01,13-02-2024,Buy,59668,298.34
544,1062,EQ01,15-10-2022,Sell,317577,1587.88
551,1062,MF01,16-03-2025,Sell,9221,0.0
549,1062,EQ01,17-01-2024,Buy,177657,888.28
547,1062,MF01,21-01-2024,Buy,86572,0.0
546,1062,EQ01,27-06-2024,Buy,103668,518.34
543,1062,MF01,27-07-2024,Sell,58271,0.0
552,1062,MF01,27-08-2022,Buy,67438,0.0
541,1062,MF01,29-01-2025,Buy,78079,0.0
1971,1063,MF01,01-01-2025,Buy,171732,0.0
1980,1063,EQ01,01-08-2023,Sell,220071,1100.36
1976,1063,MF01,05-08-2023,Buy,147160,0.0
1970,1063,EQ01,06-06-2025,Buy,74793,373.97
1975,1063,EQ01,09-03-2025,Buy,163737,818.69
1978,1063,MF01,10-01-2024,Buy,169673,0.0
1972,1063,MF01,11-03-2024,Buy,172588,0.0
1977,1063,PMS01,12-11-2022,Buy,14255032,142550.32
1979,1063,MF01,16-04-2025,Sell,209619,0.0
1974,1063,EQ01,22-06-2023,Sell,108796,543.98
1981,1063,EQ01,22-07-2025,Buy,152310,761.55
1973,1063,EQ01,25-05-2025,Buy,113686,568.43
91,1064,EQ01,01-09-2025,Buy,58392,291.96
98,1064,PMS01,02-02-2024,Buy,8521795,85217.95
102,1064,MF01,04-12-2022,Buy,122637,0.0
95,1064,MF01,05-12-2022,Sell,39416,0.0
94,1064,EQ01,08-02-2025,Buy,38979,194.9
90,1064,MF01,10-04-2023,Sell,137228,0.0
96,1064,EQ01,10-04-2024,Sell,21736,108.68
89,1064,MF01,10-12-2022,Buy,153948,0.0
100,1064,EQ01,13-08-2022,Buy,139827,699.13
92,1064,MF01,14-02-2023,Sell,12026,0.0
99,1064,EQ01,19-09-2022,Sell,212021,1060.11
97,1064,EQ01,20-01-2024,Buy,158808,794.04
103,1064,MF01,21-01-2025,Buy,165132,0.0
93,1064,MF01,26-06-2024,Buy,42492,0.0
101,1064,EQ01,29-09-2025,Sell,133237,666.19
1120,1065,MF01,07-03-2024,Sell,116609,0.0
1122,1065,MF01,08-06-2025,Sell,31263,0.0
1119,1065,EQ01,10-03-2023,Sell,35196,175.98
1127,1065,MF01,11-02-2023,Buy,117795,0.0
1118,1065,MF01,11-02-2025,Buy,173281,0.0
1123,1065,EQ01,11-03-2024,Buy,116067,580.34
1117,1065,EQ01,11-10-2023,Buy,80521,402.61
1125,1065,EQ01,12-08-2022,Sell,241659,1208.3
1124,1065,EQ01,21-05-2025,Buy,121850,609.25
1126,1065,MF01,26-10-2022,Buy,100472,0.0
1121,1065,EQ01,30-05-2023,Buy,32654,163.27
172,1066,MF01,02-04-2023,Buy,48215,0.0
173,1066,MF01,05-10-2025,Sell,128857,0.0
180,1066,PMS01,08-11-2022,Buy,15698806,156988.06
174,1066,EQ01,09-03-2023,Sell,31455,157.28
179,1066,PMS01,11-04-2025,Buy,8705177,87051.77
185,1066,MF01,13-02-2024,Sell,4218,0.0
171,1066,EQ01,13-04-2023,Buy,160268,801.34
183,1066,MF01,15-10-2023,Sell,1702,0.0
187,1066,MF01,19-05-2024,Sell,239,0.0
175,1066,MF01,20-11-2023,Sell,45838,0.0
177,1066,EQ01,22-06-2023,Buy,172416,862.08
184,1066,EQ01,23-06-2025,Sell,247805,1239.03
182,1066,PMS01,23-08-2023,Sell,147072,1470.72
186,1066,MF01,24-07-2025,Sell,7519,0.0
170,1066,MF01,25-08-2022,Buy,141612,0.0
178,1066,EQ01,27-11-2023,Buy,170744,853.72
176,1066,MF01,30-11-2022,Buy,22146,0.0
181,1066,MF01,31-10-2024,Sell,22498,0.0
393,1067,MF01,02-04-2023,Buy,103058,0.0
389,1067,EQ01,04-03-2025,Buy,172223,861.12
392,1067,MF01,04-09-2023,Buy,192410,0.0
385,1067,EQ01,06-03-2023,Sell,15263,76.31
390,1067,MF01,06-08-2022,Buy,58432,0.0
388,1067,EQ01,07-02-2025,Sell,1037,5.19
396,1067,MF01,07-09-2022,Sell,232067,0.0
395,1067,EQ01,13-12-2023,Sell,74233,371.17
387,1067,EQ01,17-03-2023,Sell,7654,38.27
394,1067,EQ01,18-03-2023,Sell,99513,497.56
386,1067,EQ01,21-07-2022,Sell,8712,43.56
384,1067,EQ01,23-02-2024,Buy,36572,182.86
383,1067,MF01,25-04-2024,Buy,79307,0.0
382,1067,MF01,26-06-2023,Buy,39238,0.0
391,1067,EQ01,31-08-2022,Buy,154259,771.3
85,1068,MF01,02-08-2022,Buy,139626,0.0
82,1068,EQ01,08-10-2024,Buy,28053,140.27
79,1068,EQ01,11-03-2025,Sell,62271,311.36
80,1068,EQ01,12-09-2025,Sell,2824,14.12
83,1068,PMS01,18-07-2022,Buy,18330886,183308.86
88,1068,MF01,19-07-2024,Buy,111237,0.0
84,1068,MF01,20-08-2024,Buy,82548,0.0
86,1068,MF01,24-08-2025,Buy,182236,0.0
81,1068,EQ01,26-09-2025,Sell,4515,22.57
78,1068,EQ01,28-03-2025,Buy,85963,429.81
87,1068,EQ01,31-05-2025,Sell,26506,132.53
1739,1069,EQ01,06-04-2024,Buy,106741,533.71
1730,1069,EQ01,06-08-2022,Buy,50705,253.53
1733,1069,MF01,08-09-2022,Sell,162986,0.0
1731,1069,MF01,09-11-2022,Buy,170587,0.0
1736,1069,EQ01,09-12-2023,Sell,1764,8.82
1740,1069,MF01,12-08-2022,Buy,47738,0.0
1738,1069,EQ01,13-03-2025,Buy,173070,865.35
1737,1069,EQ01,16-12-2023,Buy,139585,697.93
1734,1069,EQ01,23-01-2023,Sell,1318,6.59
1735,1069,MF01,28-12-2024,Buy,153999,0.0
1732,1069,EQ01,29-12-2022,Sell,47283,236.41
1985,1070,EQ01,01-01-2024,Buy,121671,608.36
1998,1070,PMS01,01-07-2024,Sell,9965291,99652.91
1990,1070,MF01,02-05-2023,Buy,82853,0.0
1987,1070,PMS01,03-08-2024,Buy,17687369,176873.69
2000,1070,MF01,06-09-2024,Sell,19980,0.0
1994,1070,EQ01,08-10-2024,Buy,107921,539.61
1997,1070,MF01,11-09-2022,Buy,64061,0.0
1999,1070,MF01,11-12-2024,Sell,27614,0.0
1993,1070,MF01,17-12-2022,Sell,118325,0.0
1989,1070,EQ01,20-08-2024,Buy,144041,720.21
1996,1070,EQ01,20-12-2023,Sell,95557,477.79
1991,1070,EQ01,22-02-2023,Sell,511565,2557.83
1982,1070,EQ01,23-09-2022,Buy,58428,292.14
1988,1070,MF01,24-06-2024,Buy,56072,0.0
1986,1070,MF01,25-02-2023,Buy,94256,0.0
1983,1070,EQ01,25-11-2023,Buy,53926,269.63
2001,1070,EQ01,26-09-2022,Sell,1483,7.42
1984,1070,EQ01,28-10-2022,Buy,182749,913.75
1995,1070,MF01,30-01-2023,Sell,112810,0.0
1992,1070,EQ01,30-06-2025,Sell,707,3.54
1934,1071,MF01,03-08-2025,Buy,155182,0.0
1939,1071,EQ01,05-07-2024,Buy,54943,274.72
1936,1071,MF01,18-09-2022,Buy,184970,0.0
1937,1071,MF01,27-08-2023,Buy,116028,0.0
1935,1071,MF01,30-01-2025,Buy,43288,0.0
1938,1071,MF01,31-03-2024,Buy,94930,0.0
337,1073,EQ01,02-07-2022,Buy,156316,781.58
331,1073,EQ01,02-08-2022,Sell,18452,92.26
341,1073,PMS01,04-10-2022,Buy,15850018,158500.18
332,1073,EQ01,05-05-2023,Buy,186502,932.51
335,1073,MF01,06-04-2023,Sell,6946,0.0
339,1073,MF01,06-07-2022,Sell,8661,0.0
324,1073,MF01,06-07-2023,Buy,44609,0.0
329,1073,MF01,06-12-2022,Buy,126957,0.0
333,1073,MF01,08-04-2025,Sell,125305,0.0
330,1073,MF01,09-09-2024,Sell,154353,0.0
338,1073,EQ01,10-12-2024,Buy,37290,186.45
336,1073,EQ01,12-11-2024,Buy,21982,109.91
327,1073,MF01,13-01-2023,Sell,39341,0.0
325,1073,EQ01,18-02-2024,Buy,28448,142.24
334,1073,EQ01,21-02-2024,Sell,98596,492.98
340,1073,MF01,23-09-2022,Buy,83843,0.0
326,1073,EQ01,24-03-2025,Buy,79555,397.78
328,1073,MF01,28-01-2023,Buy,163976,0.0
407,1074,EQ01,03-08-2022,Buy,156059,780.3
401,1074,MF01,09-09-2023,Buy,119124,0.0
409,1074,EQ01,11-02-2023,Buy,58092,290.46
412,1074,EQ01,11-05-2023,Sell,73796,368.98
406,1074,EQ01,13-07-2025,Buy,98466,492.33
397,1074,EQ01,17-11-2022,Buy,72339,361.69
408,1074,MF01,18-12-2022,Buy,42506,0.0
400,1074,EQ01,19-09-2022,Buy,91854,459.27
402,1074,EQ01,20-07-2022,Buy,199224,996.12
410,1074,PMS01,20-08-2023,Buy,8203770,82037.7
403,1074,EQ01,21-08-2025,Buy,193149,965.75
404,1074,EQ01,22-05-2025,Sell,254421,1272.11
399,1074,EQ01,23-08-2024,Buy,48815,244.08
405,1074,MF01,28-07-2023,Sell,86212,0.0
398,1074,EQ01,28-08-2022,Sell,37319,186.59
411,1074,MF01,30-09-2025,Buy,159989,0.0
570,1075,MF01,02-08-2024,Buy,113302,0.0
565,1075,MF01,04-09-2024,Sell,183629,0.0
567,1075,EQ01,04-12-2022,Sell,33378,166.89
556,1075,MF01,05-06-2024,Buy,28648,0.0
566,1075,MF01,05-08-2022,Buy,194269,0.0
562,1075,MF01,05-10-2023,Sell,108195,0.0
557,1075,MF01,06-01-2023,Buy,183606,0.0
563,1075,PMS01,06-12-2023,Buy,16296846,162968.46
569,1075,PMS01,09-03-2025,Sell,8555758,85557.58
564,1075,MF01,15-07-2025,Buy,23155,0.0
555,1075,EQ01,16-02-2024,Buy,137207,686.03
559,1075,EQ01,20-07-2025,Buy,189720,948.6
558,1075,EQ01,21-04-2024,Buy,146315,731.58
561,1075,MF01,22-09-2025,Buy,38241,0.0
568,1075,MF01,24-08-2025,Sell,277950,0.0
560,1075,MF01,25-07-2025,Buy,108702,0.0
158,1078,PMS01,01-05-2024,Sell,980901,9809.01
151,1078,PMS01,03-08-2024,Buy,6026459,60264.59
156,1078,PMS01,05-02-2025,Sell,4743304,47433.04
145,1078,MF01,05-12-2022,Sell,21337,0.0
159,1078,EQ01,06-01-2024,Sell,45,0.23
144,1078,MF01,07-10-2023,Buy,182274,0.0
147,1078,MF01,11-09-2024,Buy,150875,0.0
154,1078,MF01,12-04-2023,Sell,253431,0.0
157,1078,MF01,13-12-2024,Buy,105555,0.0
146,1078,EQ01,15-07-2025,Buy,199939,999.7
152,1078,EQ01,17-02-2025,Sell,152,0.76
150,1078,EQ01,19-04-2025,Sell,107875,539.38
148,1078,EQ01,19-09-2022,Sell,90323,451.62
153,1078,EQ01,19-09-2025,Sell,16,0.08
149,1078,MF01,28-09-2022,Buy,42168,0.0
155,1078,MF01,29-07-2023,Sell,12126,0.0
160,1078,MF01,30-08-2024,Sell,191420,0.0
113,1079,MF01,04-01-2024,Buy,90178,0.0
108,1079,MF01,04-12-2024,Sell,127546,0.0
104,1079,MF01,05-04-2024,Buy,60661,0.0
115,1079,EQ01,08-02-2025,Sell,10858,54.29
112,1079,EQ01,10-03-2023,Sell,11522,57.61
111,1079,EQ01,12-09-2022,Sell,8034,40.17
109,1079,MF01,20-01-2025,Sell,6951,0.0
114,1079,MF01,24-01-2023,Buy,67617,0.0
107,1079,MF01,24-07-2025,Buy,29974,0.0
106,1079,EQ01,26-12-2023,Buy,31335,156.68
110,1079,MF01,28-12-2023,Buy,65130,0.0
105,1079,MF01,29-04-2023,Buy,65179,0.0
714,1080,EQ01,05-09-2025,Sell,38159,190.8
712,1080,EQ01,07-02-2023,Buy,45643,228.22
713,1080,MF01,12-10-2024,Sell,72833,0.0
710,1080,MF01,14-08-2024,Buy,34150,0.0
711,1080,MF01,18-09-2023,Sell,58229,0.0
709,1080,MF01,24-12-2022,Buy,164311,0.0
715,1080,MF01,28-07-2022,Buy,100520,0.0
1258,1081,EQ01,07-01-2025,Buy,191383,956.91
1256,1081,EQ01,08-10-2024,Buy,114200,571.0
1263,1081,EQ01,11-11-2024,Sell,31514,157.57
1264,1081,MF01,12-06-2025,Sell,193650,0.0
1267,1081,EQ01,17-12-2022,Buy,75803,379.01
1260,1081,EQ01,23-01-2023,Sell,113093,565.47
1261,1081,MF01,25-01-2024,Buy,85692,0.0
1257,1081,MF01,26-03-2024,Buy,49994,0.0
1265,1081,MF01,26-04-2023,Sell,14257,0.0
1266,1081,EQ01,26-10-2024,Sell,8175,40.88
1259,1081,EQ01,27-09-2023,Sell,146815,734.08
1262,1081,MF01,31-08-2023,Buy,138882,0.0
165,1082,EQ01,05-02-2025,Buy,160043,800.22
169,1082,MF01,05-10-2024,Buy,91416,0.0
163,1082,MF01,06-01-2024,Sell,14518,0.0
161,1082,MF01,06-07-2023,Buy,119274,0.0
166,1082,EQ01,06-09-2023,Sell,7422,37.11
164,1082,MF01,13-01-2025,Buy,25524,0.0
168,1082,EQ01,19-11-2024,Buy,197501,987.5
167,1082,EQ01,21-05-2024,Buy,149326,746.63
162,1082,MF01,28-08-2022,Sell,77578,0.0
663,1083,EQ01,02-05-2024,Sell,36985,184.93
660,1083,MF01,05-12-2022,Sell,84090,0.0
664,1083,EQ01,06-04-2025,Buy,74218,371.09
657,1083,MF01,08-06-2023,Sell,103798,0.0
658,1083,MF01,08-12-2022,Buy,70124,0.0
659,1083,EQ01,14-08-2025,Buy,150007,750.03
656,1083,MF01,18-05-2025,Buy,170391,0.0
662,1083,EQ01,19-12-2024,Sell,14889,74.45
661,1083,EQ01,29-11-2023,Sell,58790,293.95
705,1084,MF01,01-02-2025,Sell,97612,0.0
698,1084,EQ01,03-10-2022,Sell,353,1.77
703,1084,EQ01,05-05-2023,Buy,59116,295.58
708,1084,EQ01,06-10-2025,Sell,81136,405.68
694,1084,MF01,07-07-2023,Buy,41511,0.0
695,1084,EQ01,08-06-2023,Buy,102774,513.87
696,1084,MF01,10-06-2023,Buy,146574,0.0
700,1084,EQ01,12-09-2025,Sell,6689,33.45
701,1084,MF01,13-11-2023,Sell,127832,0.0
702,1084,MF01,14-03-2025,Buy,111204,0.0
706,1084,EQ01,14-09-2024,Sell,137288,686.44
697,1084,EQ01,15-07-2022,Sell,94203,471.01
699,1084,PMS01,24-02-2024,Buy,13542268,135422.68
707,1084,EQ01,26-06-2025,Buy,87016,435.08
704,1084,EQ01,27-06-2023,Buy,94465,472.32
622,1085,PMS01,03-08-2025,Buy,19422634,194226.34
633,1085,MF01,03-11-2022,Buy,178693,0.0
620,1085,MF01,04-09-2024,Sell,51081,0.0
625,1085,MF01,04-11-2023,Buy,38370,0.0
617,1085,EQ01,05-08-2022,Buy,140402,702.01
630,1085,EQ01,05-11-2023,Buy,110257,551.28
621,1085,EQ01,06-03-2024,Sell,126648,633.24
626,1085,EQ01,07-03-2024,Sell,12075,60.38
627,1085,EQ01,08-10-2023,Buy,187296,936.48
629,1085,MF01,12-09-2023,Sell,131633,0.0
618,1085,EQ01,12-10-2024,Buy,170958,854.79
634,1085,EQ01,15-05-2023,Sell,241248,1206.24
624,1085,EQ01,19-08-2022,Sell,271008,1355.04
632,1085,EQ01,21-05-2023,Sell,60624,303.12
631,1085,MF01,21-11-2022,Buy,52541,0.0
616,1085,MF01,22-11-2023,Buy,21198,0.0
635,1085,MF01,23-04-2024,Sell,226606,0.0
623,1085,EQ01,25-07-2025,Buy,143621,718.11
628,1085,PMS01,25-11-2022,Sell,11113167,111131.67
619,1085,MF01,27-08-2023,Buy,152348,0.0
6,1086,EQ01,01-12-2022,Sell,53642,268.21
2,1086,MF01,02-01-2023,Buy,118787,0.0
3,1086,EQ01,03-05-2025,Buy,98570,492.85
8,1086,EQ01,14-05-2023,Sell,89177,445.88
7,1086,EQ01,14-08-2023,Sell,197266,986.33
5,1086,MF01,22-10-2024,Buy,42124,0.0
4,1086,EQ01,24-03-2023,Buy,133798,668.99
1,1086,EQ01,28-06-2025,Buy,118922,594.61
480,1087,EQ01,05-06-2024,Buy,48681,243.41
479,1087,MF01,06-09-2024,Buy,191957,0.0
477,1087,EQ01,25-07-2022,Buy,175568,877.84
483,1087,EQ01,27-05-2025,Buy,148165,740.83
478,1087,EQ01,28-05-2024,Buy,90137,450.69
482,1087,PMS01,28-09-2024,Buy,18976567,189765.67
481,1087,MF01,30-07-2024,Sell,25318,0.0
1466,1088,MF01,01-10-2023,Buy,193276,0.0
1459,1088,MF01,02-10-2023,Buy,42615,0.0
1454,1088,EQ01,08-09-2022,Buy,190033,950.16
1455,1088,EQ01,09-06-2023,Sell,154839,774.2
1469,1088,EQ01,09-07-2023,Buy,159565,797.83
1458,1088,EQ01,09-07-2025,Buy,195530,977.65
1456,1088,EQ01,11-08-2025,Buy,65623,328.12
1462,1088,MF01,12-05-2025,Sell,356967,0.0
1453,1088,EQ01,15-08-2025,Buy,99561,497.81
1465,1088,EQ01,15-10-2022,Sell,331962,1659.81
1457,1088,MF01,19-06-2023,Buy,121362,0.0
1468,1088,EQ01,20-08-2023,Buy,49308,246.54
1450,1088,MF01,22-12-2024,Buy,109795,0.0
1452,1088,EQ01,23-07-2024,Sell,8882,44.41
1451,1088,EQ01,26-05-2024,Buy,137838,689.19
1463,1088,MF01,28-10-2024,Buy,80608,0.0
1461,1088,MF01,29-06-2023,Buy,130213,0.0
1460,1088,MF01,30-07-2022,Sell,38265,0.0
1467,1088,MF01,30-07-2022,Buy,175602,0.0
1464,1088,EQ01,30-09-2024,Buy,32922,164.61
670,1089,MF01,04-01-2023,Sell,161396,0.0
666,1089,MF01,15-03-2024,Buy,162898,0.0
668,1089,EQ01,15-03-2024,Buy,84320,421.6
669,1089,MF01,16-10-2024,Buy,195867,0.0
667,1089,MF01,19-08-2024,Buy,37766,0.0
665,1089,EQ01,22-06-2023,Buy,156863,784.32
1157,1090,EQ01,02-06-2024,Buy,54729,273.64
1167,1090,MF01,02-09-2022,Sell,29358,0.0
1170,1090,MF01,04-03-2023,Sell,1302,0.0
1154,1090,EQ01,09-03-2024,Buy,116677,583.38
1166,1090,MF01,10-05-2023,Sell,156510,0.0
1164,1090,EQ01,10-09-2025,Buy,131767,658.84
1168,1090,EQ01,11-06-2024,Buy,38568,192.84
1153,1090,EQ01,13-10-2023,Buy,75151,375.75
1165,1090,EQ01,16-09-2024,Sell,429939,2149.7
1160,1090,MF01,17-02-2025,Buy,100957,0.0
1155,1090,EQ01,17-07-2023,Buy,129720,648.6
1161,1090,EQ01,20-12-2024,Sell,398247,1991.24
1163,1090,EQ01,21-01-2023,Sell,21900,109.5
1158,1090,EQ01,25-09-2024,Buy,43128,215.64
1169,1090,MF01,27-09-2023,Sell,5813,0.0
1171,1090,MF01,27-09-2024,Buy,125657,0.0
1156,1090,MF01,28-02-2023,Buy,94423,0.0
1162,1090,EQ01,30-01-2025,Buy,197613,988.07
1159,1090,EQ01,30-03-2023,Buy,151825,759.12
578,1091,MF01,01-01-2025,Buy,150856,0.0
579,1091,EQ01,01-02-2023,Buy,161805,809.02
577,1091,EQ01,01-11-2022,Buy,88393,441.97
575,1091,EQ01,07-10-2025,Buy,61281,306.41
572,1091,MF01,08-02-2024,Buy,25116,0.0
574,1091,EQ01,16-10-2024,Buy,35409,177.05
571,1091,EQ01,17-09-2024,Buy,194788,973.94
576,1091,MF01,18-07-2024,Sell,16589,0.0
581,1091,EQ01,23-07-2024,Buy,92541,462.7
580,1091,EQ01,26-10-2024,Buy,103184,515.92
573,1091,EQ01,27-04-2023,Sell,107682,538.41
1698,1092,MF01,02-11-2023,Buy,79091,0.0
1701,1092,PMS01,09-08-2024,Buy,9343784,93437.84
1699,1092,EQ01,12-03-2024,Buy,81606,408.03
1696,1092,MF01,14-05-2024,Buy,114810,0.0
1700,1092,MF01,19-09-2025,Sell,99358,0.0
1697,1092,MF01,20-08-2025,Sell,21966,0.0
741,1093,EQ01,03-07-2025,Buy,127276,636.38
751,1093,EQ01,07-04-2023,Sell,198063,990.32
746,1093,EQ01,07-07-2023,Buy,82512,412.56
740,1093,MF01,09-04-2025,Buy,142785,0.0
744,1093,MF01,14-11-2024,Buy,92959,0.0
745,1093,MF01,19-10-2024,Sell,426546,0.0
747,1093,EQ01,20-09-2025,Buy,194867,974.34
748,1093,MF01,23-03-2023,Buy,150067,0.0
742,1093,MF01,23-07-2023,Buy,43344,0.0
752,1093,MF01,24-05-2024,Buy,199462,0.0
749,1093,PMS01,28-01-2024,Buy,16985209,169852.09
750,1093,MF01,30-07-2023,Buy,20051,0.0
743,1093,MF01,31-08-2022,Buy,151738,0.0
1141,1094,EQ01,01-08-2023,Buy,36064,180.32
1142,1094,MF01,01-11-2022,Buy,98734,0.0
1144,1094,MF01,04-04-2024,Sell,76496,0.0
1148,1094,MF01,04-11-2024,Sell,91758,0.0
1151,1094,MF01,19-03-2023,Sell,9823,0.0
1145,1094,MF01,21-04-2025,Sell,3065,0.0
1147,1094,MF01,23-06-2025,Buy,24696,0.0
1149,1094,EQ01,25-01-2025,Buy,59167,295.83
1146,1094,MF01,26-02-2024,Buy,125406,0.0
1152,1094,MF01,26-06-2025,Sell,53446,0.0
1150,1094,EQ01,31-05-2025,Buy,35241,176.21
1143,1094,EQ01,31-12-2023,Buy,131610,658.05
507,1095,MF01,03-06-2023,Sell,11833,0.0
505,1095,EQ01,04-04-2023,Sell,89874,449.37
508,1095,EQ01,04-06-2025,Buy,46044,230.22
506,1095,MF01,13-03-2023,Buy,186214,0.0
504,1095,EQ01,16-03-2025,Buy,113918,569.59
1274,1096,EQ01,01-05-2024,Buy,104313,521.57
1285,1096,PMS01,02-05-2024,Buy,10022483,100224.83
1277,1096,EQ01,04-04-2025,Sell,100096,500.48
1284,1096,MF01,06-05-2024,Sell,64013,0.0
1279,1096,MF01,06-09-2025,Sell,112326,0.0
1270,1096,MF01,07-01-2025,Buy,184721,0.0
1269,1096,EQ01,07-10-2022,Sell,1378,6.89
1273,1096,EQ01,08-10-2024,Buy,115408,577.04
1271,1096,EQ01,10-10-2024,Buy,73971,369.86
1286,1096,MF01,12-09-2022,Buy,138742,0.0
1280,1096,EQ01,15-09-2022,Buy,185243,926.22
1276,1096,MF01,17-06-2023,Sell,58920,0.0
1268,1096,EQ01,18-04-2023,Buy,40044,200.22
1278,1096,MF01,19-03-2025,Buy,174605,0.0
1283,1096,EQ01,19-08-2023,Buy,170825,854.12
1272,1096,MF01,20-08-2023,Buy,72602,0.0
1282,1096,EQ01,21-06-2025,Sell,299870,1499.35
1281,1096,EQ01,28-11-2023,Buy,111871,559.36
1275,1096,MF01,31-03-2025,Buy,129342,0.0
693,1097,MF01,01-07-2022,Buy,71717,0.0
690,1097,EQ01,02-03-2023,Sell,29950,149.75
691,1097,EQ01,03-04-2025,Buy,72071,360.36
683,1097,EQ01,03-10-2025,Buy,173194,865.97
692,1097,MF01,04-05-2025,Sell,81920,0.0
684,1097,MF01,04-10-2024,Buy,76560,0.0
688,1097,MF01,07-11-2024,Buy,187475,0.0
678,1097,EQ01,08-12-2023,Buy,110961,554.81
680,1097,EQ01,10-10-2024,Sell,61519,307.6
685,1097,PMS01,16-05-2025,Buy,10440108,104401.08
687,1097,MF01,20-01-2024,Buy,75496,0.0
689,1097,EQ01,22-01-2023,Sell,44423,222.12
681,1097,MF01,23-03-2024,Buy,26812,0.0
679,1097,EQ01,23-10-2022,Sell,17971,89.86
676,1097,EQ01,24-07-2023,Buy,65221,326.11
682,1097,EQ01,25-09-2024,Sell,66477,332.38
677,1097,MF01,25-10-2022,Buy,127106,0.0
686,1097,MF01,28-04-2025,Sell,129480,0.0
2006,1098,EQ01,01-06-2025,Sell,401,2.0
2011,1098,EQ01,01-12-2024,Sell,94909,474.55
2013,1098,PMS01,01-12-2024,Buy,14094267,140942.67
2020,1098,EQ01,02-11-2022,Buy,33728,168.64
2017,1098,MF01,03-07-2024,Buy,139583,0.0
2007,1098,EQ01,07-10-2024,Sell,205,1.02
2010,1098,MF01,08-01-2023,Sell,29229,0.0
2002,1098,EQ01,09-09-2023,Buy,35134,175.67
2021,1098,MF01,10-03-2025,Buy,187022,0.0
2008,1098,MF01,10-08-2023,Sell,10502,0.0
2003,1098,MF01,11-02-2024,Buy,122852,0.0
2018,1098,PMS01,12-02-2025,Sell,11689305,116893.05
2014,1098,EQ01,13-01-2024,Sell,1271,6.36
2016,1098,EQ01,15-01-2025,Buy,189455,947.27
2015,1098,PMS01,19-03-2024,Buy,5998001,59980.01
2009,1098,EQ01,19-07-2022,Buy,99237,496.19
2019,1098,EQ01,20-06-2025,Buy,117991,589.96
2012,1098,PMS01,23-04-2024,Buy,5606387,56063.87
2005,1098,EQ01,23-12-2023,Sell,2637,13.19
2004,1098,EQ01,26-02-2023,Sell,31872,159.36
1072,1099,EQ01,10-10-2022,Buy,115405,577.02
1071,1099,MF01,11-05-2025,Buy,81686,0.0
1070,1099,EQ01,11-07-2025,Sell,94457,472.29
1067,1099,MF01,17-06-2023,Buy,73890,0.0
1066,1099,EQ01,26-06-2024,Buy,162221,811.11
1068,1099,MF01,27-07-2022,Sell,55900,0.0
1069,1099,EQ01,28-07-2024,Buy,112907,564.53
956,1100,PMS01,03-03-2025,Sell,9238255,92382.55
958,1100,EQ01,03-09-2022,Sell,12374,61.87
960,1100,EQ01,03-11-2022,Buy,154420,772.1
945,1100,EQ01,04-10-2023,Buy,96794,483.97
953,1100,MF01,08-06-2024,Sell,283,0.0
964,1100,EQ01,09-06-2025,Sell,726270,3631.35
959,1100,EQ01,10-06-2024,Buy,194233,971.16
957,1100,PMS01,10-09-2024,Buy,18125837,181258.37
950,1100,EQ01,11-08-2023,Sell,152843,764.22
954,1100,MF01,12-05-2023,Buy,81228,0.0
962,1100,EQ01,18-02-2024,Buy,195268,976.34
952,1100,MF01,23-05-2025,Sell,646,0.0
949,1100,MF01,23-08-2022,Sell,155029,0.0
961,1100,EQ01,24-06-2023,Buy,107238,536.19
948,1100,EQ01,25-01-2023,Sell,60318,301.59
947,1100,MF01,25-08-2024,Buy,159410,0.0
951,1100,EQ01,26-01-2025,Buy,175290,876.45
946,1100,EQ01,29-02-2024,Buy,136577,682.88
963,1100,MF01,30-05-2024,Sell,39205,0.0
955,1100,PMS01,31-03-2024,Buy,9942634,99426.34
1563,1101,EQ01,04-03-2024,Buy,20262,101.31
1564,1101,EQ01,11-04-2024,Sell,30376,151.88
1566,1101,MF01,15-07-2023,Sell,2970,0.0
1562,1101,EQ01,21-01-2024,Buy,23042,115.21
1567,1101,MF01,23-01-2025,Buy,154641,0.0
1565,1101,MF01,26-06-2023,Buy,92956,0.0
1722,1102,PMS01,04-04-2024,Buy,12826056,128260.56
1711,1102,MF01,08-01-2025,Buy,177490,0.0
1712,1102,MF01,09-11-2023,Buy,100077,0.0
1728,1102,MF01,09-12-2023,Buy,23739,0.0
1718,1102,EQ01,14-07-2023,Sell,189364,946.82
1714,1102,EQ01,15-09-2022,Buy,174795,873.98
1720,1102,MF01,17-08-2022,Sell,242395,0.0
1725,1102,EQ01,18-07-2025,Sell,232785,1163.92
1729,1102,MF01,19-12-2022,Buy,84590,0.0
1716,1102,MF01,20-04-2024,Buy,101129,0.0
1717,1102,EQ01,21-10-2023,Buy,20182,100.91
1727,1102,EQ01,24-08-2023,Sell,2175,10.88
1719,1102,EQ01,25-02-2023,Buy,127446,637.23
1715,1102,EQ01,25-08-2022,Buy,88419,442.1
1726,1102,MF01,25-08-2023,Buy,71248,0.0
1724,1102,EQ01,25-11-2023,Buy,56089,280.44
1723,1102,MF01,26-09-2022,Buy,162428,0.0
1713,1102,MF01,27-07-2024,Sell,53529,0.0
1721,1102,MF01,27-09-2023,Sell,28672,0.0
969,1103,MF01,01-09-2025,Sell,20233,0.0
973,1103,MF01,03-05-2023,Buy,194656,0.0
974,1103,MF01,06-05-2025,Sell,220883,0.0
968,1103,EQ01,11-10-2022,Sell,13608,68.04
972,1103,MF01,11-10-2022,Sell,38792,0.0
967,1103,EQ01,20-05-2025,Sell,5943,29.71
965,1103,MF01,21-01-2024,Buy,27725,0.0
966,1103,EQ01,21-11-2022,Buy,43518,217.59
971,1103,MF01,24-04-2023,Buy,80227,0.0
970,1103,EQ01,29-07-2023,Sell,18135,90.67
1710,1104,MF01,11-08-2025,Buy,111551,0.0
1702,1104,MF01,13-03-2024,Buy,125324,0.0
1706,1104,MF01,15-05-2024,Sell,95805,0.0
1709,1104,EQ01,17-10-2024,Buy,120924,604.62
1705,1104,MF01,23-03-2024,Buy,85483,0.0
1703,1104,MF01,26-01-2023,Buy,99875,0.0
1708,1104,MF01,26-12-2024,Buy,193972,0.0
1704,1104,MF01,30-07-2025,Buy,108067,0.0
1707,1104,MF01,31-10-2023,Buy,75954,0.0
1509,1106,EQ01,01-05-2023,Buy,21900,109.5
1512,1106,MF01,04-01-2024,Sell,37154,0.0
1514,1106,PMS01,05-06-2023,Buy,10349997,103499.97
1510,1106,EQ01,07-03-2024,Sell,54486,272.43
1505,1106,MF01,07-07-2022,Sell,80318,0.0
1515,1106,EQ01,10-08-2025,Sell,71082,355.41
1517,1106,PMS01,13-04-2023,Buy,7848897,78488.97
1504,1106,MF01,15-01-2023,Buy,142520,0.0
1513,1106,EQ01,15-04-2025,Buy,91995,459.98
1506,1106,MF01,17-01-2024,Sell,55021,0.0
1516,1106,EQ01,18-12-2023,Sell,2121,10.61
1507,1106,EQ01,20-02-2024,Sell,37395,186.97
1503,1106,EQ01,21-12-2024,Buy,76953,384.76
1508,1106,MF01,22-06-2023,Buy,179117,0.0
1511,1106,EQ01,22-08-2025,Sell,5379,26.89
55,1107,MF01,04-01-2024,Buy,25428,0.0
59,1107,EQ01,04-08-2023,Sell,300,1.5
56,1107,EQ01,09-11-2024,Sell,28583,142.91
58,1107,EQ01,10-07-2024,Sell,7214,36.07
61,1107,EQ01,16-02-2025,Sell,81798,408.99
57,1107,MF01,17-12-2024,Buy,38021,0.0
54,1107,MF01,22-08-2024,Sell,92270,0.0
52,1107,MF01,24-05-2025,Buy,75367,0.0
51,1107,EQ01,25-08-2024,Buy,36301,181.5
60,1107,EQ01,27-05-2025,Buy,87970,439.85
53,1107,MF01,27-09-2025,Buy,92128,0.0
1211,1108,PMS01,01-07-2025,Buy,7425649,74256.49
1217,1108,PMS01,01-08-2024,Sell,8470565,84705.65
1215,1108,MF01,02-06-2024,Sell,162713,0.0
1209,1108,MF01,06-05-2024,Sell,32709,0.0
1218,1108,EQ01,06-12-2024,Sell,20976,104.88
1216,1108,PMS01,11-01-2023,Buy,18079496,180794.96
1212,1108,EQ01,11-02-2024,Sell,149622,748.11
1214,1108,EQ01,11-05-2025,Sell,148757,743.78
1208,1108,EQ01,13-08-2024,Buy,188963,944.82
1213,1108,MF01,16-08-2023,Buy,136799,0.0
1206,1108,EQ01,20-12-2023,Buy,67809,339.05
1207,1108,MF01,22-07-2024,Buy,107581,0.0
1210,1108,EQ01,22-09-2022,Buy,65834,329.17
1004,1109,EQ01,01-06-2023,Buy,167305,836.52
1005,1109,MF01,05-01-2025,Buy,146144,0.0
1006,1109,MF01,06-07-2025,Sell,69461,0.0
1007,1109,MF01,07-07-2025,Buy,109629,0.0
1010,1109,EQ01,08-07-2023,Sell,120762,603.81
1008,1109,MF01,14-04-2025,Buy,77888,0.0
1011,1109,EQ01,15-12-2023,Buy,125109,625.54
1009,1109,PMS01,19-04-2023,Buy,6896801,68968.01
314,1110,MF01,05-09-2022,Sell,23968,0.0
315,1110,EQ01,06-07-2025,Buy,26805,134.03
309,1110,EQ01,10-02-2025,Buy,40647,203.24
318,1110,EQ01,10-09-2023,Buy,172816,864.08
313,1110,MF01,12-11-2023,Sell,138042,0.0
307,1110,EQ01,15-07-2024,Buy,121446,607.23
317,1110,EQ01,15-08-2025,Sell,58719,293.6
306,1110,MF01,16-05-2025,Buy,102545,0.0
316,1110,EQ01,17-02-2025,Sell,30429,152.15
310,1110,MF01,24-06-2023,Sell,58701,0.0
311,1110,MF01,28-05-2024,Buy,195758,0.0
308,1110,EQ01,29-08-2022,Buy,182021,910.11
312,1110,MF01,29-12-2023,Sell,74996,0.0
1637,1111,EQ01,01-08-2025,Buy,103313,516.57
1632,1111,MF01,07-02-2025,Sell,224285,0.0
1622,1111,EQ01,07-03-2023,Buy,72002,360.01
1623,1111,EQ01,10-07-2024,Buy,130526,652.63
1627,1111,MF01,11-07-2025,Buy,37709,0.0
1635,1111,MF01,16-05-2023,Buy,137406,0.0
1630,1111,MF01,19-08-2022,Buy,160420,0.0
1633,1111,PMS01,20-12-2024,Buy,16337607,163376.07
1631,1111,MF01,21-02-2025,Buy,100059,0.0
1636,1111,EQ01,21-02-2025,Sell,208252,1041.26
1626,1111,MF01,22-05-2025,Buy,40726,0.0
1625,1111,EQ01,23-07-2024,Buy,130500,652.5
1628,1111,EQ01,24-07-2025,Buy,76319,381.6
1638,1111,MF01,25-10-2024,Buy,110559,0.0
1624,1111,EQ01,26-08-2022,Sell,63697,318.49
1629,1111,MF01,27-09-2022,Sell,44214,0.0
1634,1111,MF01,30-04-2025,Sell,55962,0.0
912,1112,MF01,02-02-2024,Buy,64389,0.0
921,1112,EQ01,02-10-2023,Buy,92065,460.32
918,1112,MF01,07-03-2024,Sell,3971,0.0
913,1112,MF01,07-11-2023,Sell,61967,0.0
917,1112,EQ01,12-06-2025,Sell,72037,360.19
916,1112,MF01,15-09-2025,Buy,105649,0.0
920,1112,EQ01,19-10-2023,Buy,93474,467.37
919,1112,EQ01,20-09-2025,Buy,168161,840.81
923,1112,MF01,22-01-2023,Buy,143103,0.0
924,1112,MF01,24-02-2023,Buy,57038,0.0
922,1112,PMS01,25-01-2024,Buy,9860116,98601.16
915,1112,EQ01,30-11-2022,Buy,21783,108.92
914,1112,EQ01,31-12-2022,Buy,94438,472.19
472,1113,PMS01,01-05-2025,Sell,12957000,129570.0
474,1113,MF01,01-06-2024,Buy,39027,0.0
473,1113,MF01,01-10-2025,Sell,48249,0.0
463,1113,MF01,03-03-2024,Buy,135870,0.0
462,1113,EQ01,03-09-2023,Buy,72943,364.72
467,1113,EQ01,04-07-2022,Buy,128973,644.87
460,1113,MF01,06-06-2025,Buy,38816,0.0
471,1113,EQ01,10-02-2025,Sell,238079,1190.39
475,1113,EQ01,13-11-2022,Buy,180315,901.58
459,1113,MF01,14-04-2024,Buy,110957,0.0
461,1113,MF01,17-03-2023,Sell,70953,0.0
465,1113,PMS01,17-07-2022,Buy,8813818,88138.18
466,1113,MF01,18-02-2024,Sell,192113,0.0
476,1113,EQ01,20-09-2025,Buy,119411,597.06
464,1113,MF01,21-05-2025,Buy,185664,0.0
470,1113,MF01,22-04-2024,Sell,130282,0.0
458,1113,EQ01,23-09-2022,Sell,72798,363.99
457,1113,EQ01,26-05-2024,Buy,113998,569.99
469,1113,PMS01,28-12-2023,Buy,7624501,76245.01
468,1113,EQ01,31-07-2023,Buy,71356,356.78
192,1115,EQ01,04-02-2024,Buy,28335,141.68
190,1115,EQ01,14-07-2024,Sell,12772,63.86
191,1115,MF01,22-12-2023,Sell,25431,0.0
189,1115,MF01,27-07-2024,Buy,50382,0.0
188,1115,EQ01,28-09-2022,Buy,149421,747.11
1478,1117,EQ01,01-08-2025,Buy,66028,330.14
1473,1117,MF01,04-04-2024,Sell,24766,0.0
1476,1117,MF01,08-02-2023,Sell,342,0.0
1471,1117,EQ01,08-07-2024,Sell,22620,113.1
1470,1117,EQ01,17-05-2024,Buy,24537,122.69
1477,1117,MF01,21-11-2022,Sell,1153,0.0
1475,1117,EQ01,24-05-2024,Sell,11338,56.69
1474,1117,EQ01,27-04-2023,Buy,86119,430.6
1472,1117,MF01,28-06-2025,Buy,26654,0.0
718,1118,MF01,03-12-2023,Sell,13138,0.0
717,1118,EQ01,05-10-2025,Buy,79091,395.45
723,1118,MF01,07-01-2025,Sell,18436,0.0
722,1118,MF01,10-01-2023,Sell,3370,0.0
721,1118,PMS01,13-08-2024,Buy,15581305,155813.05
725,1118,PMS01,15-05-2025,Buy,19912716,199127.16
724,1118,EQ01,18-06-2024,Sell,147713,738.57
719,1118,MF01,22-09-2025,Sell,7044,0.0
720,1118,EQ01,26-05-2025,Buy,124926,624.63
716,1118,MF01,31-08-2022,Buy,45061,0.0
1746,1119,MF01,01-02-2025,Buy,76666,0.0
1745,1119,MF01,05-04-2025,Sell,2956,0.0
1750,1119,MF01,05-11-2024,Buy,133926,0.0
1751,1119,EQ01,07-05-2025,Buy,23803,119.02
1742,1119,MF01,08-05-2023,Sell,49827,0.0
1754,1119,MF01,08-05-2024,Sell,9289,0.0
1753,1119,MF01,10-08-2022,Sell,167953,0.0
1756,1119,EQ01,11-07-2023,Sell,34520,172.6
1749,1119,EQ01,11-12-2023,Buy,101931,509.66
1741,1119,MF01,12-09-2023,Buy,138141,0.0
1744,1119,MF01,13-08-2023,Sell,304,0.0
1755,1119,MF01,16-08-2025,Sell,191,0.0
1758,1119,MF01,17-05-2025,Sell,707,0.0
1748,1119,MF01,19-02-2025,Buy,25149,0.0
1743,1119,MF01,25-04-2025,Sell,84326,0.0
1757,1119,EQ01,26-07-2023,Buy,74937,374.69
1752,1119,PMS01,27-08-2025,Buy,11286712,112867.12
1747,1119,MF01,31-01-2023,Sell,57424,0.0
1049,1120,MF01,01-06-2023,Buy,191013,0.0
1048,1120,EQ01,03-06-2024,Sell,27945,139.72
1062,1120,MF01,05-05-2024,Buy,136863,0.0
1050,1120,EQ01,07-01-2023,Sell,10363,51.81
1052,1120,EQ01,07-01-2025,Buy,126077,630.38
1061,1120,PMS01,07-02-2025,Buy,8886511,88865.11
1054,1120,EQ01,08-07-2022,Sell,49246,246.23
1058,1120,EQ01,13-12-2024,Sell,26231,131.16
1063,1120,MF01,16-11-2022,Sell,258450,0.0
1059,1120,PMS01,17-10-2024,Sell,18046669,180466.69
1057,1120,PMS01,18-08-2022,Buy,19041249,190412.49
1060,1120,EQ01,18-09-2024,Buy,109762,548.81
1065,1120,PMS01,23-08-2023,Buy,19579053,195790.53
1047,1120,EQ01,24-01-2024,Buy,91330,456.65
1051,1120,EQ01,26-09-2024,Buy,39606,198.03
1056,1120,EQ01,27-03-2024,Sell,7446,37.23
1055,1120,EQ01,28-08-2024,Sell,115274,576.37
1064,1120,EQ01,29-09-2024,Buy,199232,996.16
1053,1120,EQ01,30-11-2024,Sell,16962,84.81
1448,1123,EQ01,02-07-2024,Buy,42055,210.28
1446,1123,MF01,04-02-2024,Buy,28641,0.0
1438,1123,MF01,04-06-2025,Buy,178217,0.0
1436,1123,MF01,04-11-2023,Buy,153042,0.0
1444,1123,EQ01,08-11-2023,Sell,151340,756.7
1441,1123,EQ01,12-11-2022,Buy,128671,643.36
1447,1123,MF01,15-03-2023,Sell,106521,0.0
1445,1123,EQ01,16-07-2022,Buy,155017,775.09
1443,1123,MF01,16-12-2022,Sell,9166,0.0
1440,1123,MF01,19-01-2025,Sell,233095,0.0
1449,1123,PMS01,22-09-2023,Buy,18735262,187352.62
1442,1123,MF01,23-01-2024,Sell,101967,0.0
1437,1123,MF01,23-03-2024,Buy,136619,0.0
1435,1123,EQ01,26-03-2023,Buy,125389,626.95
1439,1123,EQ01,28-02-2024,Sell,35117,175.59
1691,1125,MF01,02-10-2024,Sell,79255,0.0
1693,1125,MF01,04-05-2025,Sell,3737,0.0
1688,1125,EQ01,06-08-2022,Buy,163754,818.77
1686,1125,EQ01,07-04-2024,Buy,115215,576.08
1687,1125,MF01,07-07-2022,Sell,126400,0.0
1695,1125,MF01,12-03-2023,Buy,111997,0.0
1692,1125,MF01,13-02-2025,Sell,57528,0.0
1685,1125,MF01,14-08-2022,Buy,162300,0.0
1694,1125,EQ01,14-08-2025,Buy,173661,868.31
1689,1125,MF01,24-07-2022,Buy,112492,0.0
1690,1125,EQ01,24-08-2022,Buy,75451,377.25
1760,1126,MF01,04-09-2025,Buy,130517,0.0
1764,1126,MF01,05-06-2025,Buy,77581,0.0
1763,1126,EQ01,06-10-2025,Sell,47954,239.77
1759,1126,EQ01,22-01-2025,Buy,147032,735.16
1761,1126,MF01,22-06-2025,Buy,198564,0.0
1762,1126,EQ01,26-02-2024,Buy,128000,640.0
1950,1127,EQ01,02-07-2025,Buy,172466,862.33
1945,1127,EQ01,03-08-2022,Sell,11623,58.12
1941,1127,MF01,06-01-2023,Buy,172487,0.0
1948,1127,EQ01,09-04-2023,Buy,190111,950.56
1944,1127,MF01,15-10-2023,Buy,140979,0.0
1940,1127,EQ01,16-06-2023,Buy,69226,346.13
1943,1127,EQ01,18-01-2024,Sell,14537,72.69
1949,1127,MF01,20-01-2025,Sell,53370,0.0
1952,1127,EQ01,20-04-2024,Sell,379917,1899.59
1946,1127,PMS01,25-12-2024,Buy,7606453,76064.53
1947,1127,MF01,27-04-2025,Sell,183908,0.0
1942,1127,MF01,27-12-2023,Sell,7997,0.0
1951,1127,MF01,28-01-2023,Sell,55014,0.0
525,1128,MF01,04-09-2022,Sell,125521,0.0
522,1128,EQ01,08-02-2023,Sell,19396,96.98
519,1128,EQ01,08-10-2022,Sell,70817,354.08
527,1128,MF01,10-03-2024,Buy,54346,0.0
523,1128,EQ01,11-10-2023,Sell,4335,21.68
518,1128,EQ01,13-04-2025,Buy,143200,716.0
526,1128,MF01,13-07-2022,Buy,42515,0.0
521,1128,MF01,16-05-2023,Buy,84941,0.0
524,1128,PMS01,21-04-2024,Buy,13699265,136992.65
520,1128,MF01,24-06-2025,Buy,138737,0.0
2117,1129,EQ01,05-07-2023,Buy,135441,677.21
2119,1129,MF01,16-10-2024,Buy,109493,0.0
2118,1129,EQ01,19-04-2023,Buy,22118,110.59
2120,1129,EQ01,19-10-2024,Sell,95559,477.8
2122,1129,EQ01,20-02-2024,Buy,118263,591.32
2123,1129,MF01,24-08-2025,Sell,12742,0.0
2121,1129,EQ01,26-06-2023,Sell,30383,151.91
1188,1130,EQ01,08-01-2023,Buy,57664,288.32
1191,1130,EQ01,15-01-2025,Buy,148016,740.08
1184,1130,EQ01,15-12-2024,Buy,179562,897.81
1190,1130,EQ01,18-04-2024,Buy,176897,884.49
1189,1130,MF01,20-07-2023,Sell,238486,0.0
1185,1130,EQ01,21-07-2024,Sell,89073,445.37
1187,1130,MF01,28-04-2023,Buy,88492,0.0
1186,1130,MF01,29-03-2023,Buy,175334,0.0
1192,1130,MF01,30-09-2023,Sell,17248,0.0
900,1131,MF01,01-08-2025,Buy,185665,0.0
906,1131,MF01,08-11-2022,Buy,184741,0.0
910,1131,EQ01,09-08-2025,Sell,999,5.0
901,1131,MF01,13-05-2025,Sell,21054,0.0
905,1131,MF01,13-12-2022,Buy,45798,0.0
903,1131,EQ01,15-12-2024,Sell,29134,145.67
908,1131,EQ01,16-03-2024,Buy,23210,116.05
911,1131,MF01,18-07-2023,Buy,160022,0.0
907,1131,PMS01,23-05-2024,Buy,15759981,157599.81
909,1131,MF01,27-01-2024,Sell,309232,0.0
904,1131,MF01,29-09-2022,Buy,50642,0.0
902,1131,EQ01,30-11-2024,Buy,49888,249.44
809,1132,EQ01,02-09-2022,Buy,156527,782.63
807,1132,PMS01,04-11-2024,Sell,2102082,21020.82
805,1132,EQ01,04-12-2022,Buy,96751,483.75
808,1132,EQ01,05-06-2025,Sell,119057,595.28
811,1132,MF01,06-03-2023,Sell,45508,0.0
806,1132,MF01,08-01-2023,Sell,65036,0.0
800,1132,MF01,08-05-2023,Sell,172975,0.0
796,1132,EQ01,09-02-2023,Sell,84112,420.56
795,1132,MF01,09-09-2022,Buy,91540,0.0
804,1132,EQ01,13-08-2023,Buy,58330,291.65
810,1132,EQ01,16-11-2024,Sell,280112,1400.56
798,1132,EQ01,18-07-2023,Sell,34737,173.69
793,1132,EQ01,21-01-2025,Buy,120084,600.42
799,1132,MF01,22-07-2023,Buy,37263,0.0
794,1132,MF01,26-08-2023,Buy,63758,0.0
803,1132,PMS01,27-07-2024,Buy,14378763,143787.63
801,1132,EQ01,28-01-2023,Sell,232,1.16
797,1132,MF01,30-04-2023,Buy,126319,0.0
802,1132,EQ01,31-05-2024,Buy,166647,833.24
1293,1133,MF01,01-11-2022,Buy,74726,0.0
1291,1133,EQ01,03-01-2025,Sell,26183,130.91
1288,1133,MF01,04-08-2024,Buy,22803,0.0
1287,1133,MF01,06-08-2023,Buy,131596,0.0
1302,1133,MF01,07-06-2023,Buy,67591,0.0
1303,1133,MF01,08-05-2024,Buy,114932,0.0
1297,1133,EQ01,10-03-2023,Sell,40274,201.37
1300,1133,EQ01,14-04-2023,Sell,82637,413.19
1299,1133,EQ01,14-11-2024,Buy,165644,828.22
1305,1133,EQ01,15-02-2023,Sell,221821,1109.11
1298,1133,MF01,17-05-2023,Buy,156790,0.0
1290,1133,MF01,17-12-2023,Buy,160344,0.0
1289,1133,EQ01,18-03-2023,Buy,68034,340.17
1296,1133,MF01,21-07-2024,Sell,94693,0.0
1304,1133,EQ01,23-04-2023,Buy,182942,914.71
1301,1133,EQ01,23-08-2022,Buy,32340,161.7
1295,1133,MF01,25-03-2024,Sell,35256,0.0
1294,1133,MF01,26-03-2024,Sell,245469,0.0
1292,1133,EQ01,26-05-2024,Buy,37175,185.88
491,1134,PMS01,01-03-2025,Sell,445801,4458.01
485,1134,EQ01,02-04-2023,Buy,80217,401.09
499,1134,MF01,03-06-2023,Buy,53000,0.0
494,1134,EQ01,03-09-2024,Sell,258279,1291.39
489,1134,PMS01,04-01-2025,Buy,16794164,167941.64
500,1134,EQ01,04-09-2024,Buy,54176,270.88
496,1134,MF01,09-11-2023,Buy,170494,0.0
486,1134,MF01,12-08-2024,Buy,124988,0.0
497,1134,MF01,13-02-2024,Buy,67520,0.0
498,1134,MF01,19-12-2024,Sell,45740,0.0
490,1134,EQ01,20-10-2024,Sell,8010,40.05
495,1134,MF01,22-09-2022,Sell,33619,0.0
501,1134,MF01,23-08-2024,Buy,87420,0.0
503,1134,MF01,26-03-2023,Sell,250148,0.0
487,1134,MF01,26-04-2025,Sell,87825,0.0
488,1134,EQ01,28-02-2025,Buy,119680,598.4
484,1134,EQ01,28-09-2024,Buy,66762,333.81
492,1134,EQ01,29-03-2025,Sell,69011,345.06
502,1134,MF01,29-05-2024,Buy,86932,0.0
493,1134,EQ01,30-08-2023,Buy,95829,479.14
1828,1136,MF01,02-10-2025,Buy,88382,0.0
1831,1136,PMS01,07-02-2024,Buy,12071250,120712.5
1833,1136,PMS01,08-12-2022,Buy,13688410,136884.1
1830,1136,MF01,08-12-2023,Sell,71343,0.0
1824,1136,EQ01,14-06-2025,Buy,118202,591.01
1829,1136,MF01,15-04-2025,Buy,158653,0.0
1832,1136,MF01,20-12-2024,Buy,117723,0.0
1826,1136,EQ01,21-05-2024,Sell,54364,271.82
1825,1136,EQ01,30-04-2023,Sell,51997,259.99
1827,1136,MF01,31-03-2025,Buy,38701,0.0
939,1137,EQ01,01-01-2025,Buy,132328,661.64
941,1137,MF01,02-02-2025,Sell,513321,0.0
928,1137,MF01,04-04-2023,Buy,39237,0.0
943,1137,EQ01,09-02-2024,Sell,18160,90.8
925,1137,EQ01,10-02-2024,Buy,174141,870.71
930,1137,PMS01,13-04-2025,Buy,9852485,98524.85
931,1137,MF01,13-10-2023,Buy,145720,0.0
927,1137,MF01,13-10-2024,Buy,145223,0.0
938,1137,EQ01,15-03-2025,Sell,423068,2115.34
929,1137,MF01,15-06-2025,Buy,88950,0.0
940,1137,EQ01,23-01-2025,Sell,88702,443.51
926,1137,MF01,23-05-2023,Buy,185434,0.0
942,1137,MF01,23-12-2023,Sell,185780,0.0
934,1137,MF01,24-05-2025,Sell,66810,0.0
944,1137,PMS01,25-09-2025,Buy,14509297,145092.97
933,1137,MF01,25-11-2022,Buy,162169,0.0
935,1137,PMS01,26-10-2024,Sell,6361701,63617.01
932,1137,EQ01,28-07-2023,Buy,188940,944.7
937,1137,EQ01,29-09-2022,Buy,51033,255.16
936,1137,EQ01,30-10-2024,Buy,38312,191.56
1413,1139,EQ01,03-02-2023,Buy,102106,510.53
1407,1139,MF01,04-07-2024,Buy,33024,0.0
1406,1139,EQ01,08-05-2024,Buy,66208,331.04
1416,1139,MF01,11-04-2023,Sell,196773,0.0
1410,1139,MF01,12-03-2025,Buy,145608,0.0
1418,1139,MF01,17-08-2024,Sell,54791,0.0
1414,1139,MF01,19-09-2024,Buy,94373,0.0
1415,1139,EQ01,22-11-2022,Buy,46800,234.0
1409,1139,MF01,22-11-2024,Sell,1803,0.0
1408,1139,MF01,24-04-2024,Sell,16000,0.0
1417,1139,EQ01,24-11-2024,Sell,245307,1226.54
1405,1139,EQ01,26-02-2025,Buy,195107,975.53
1412,1139,MF01,27-10-2022,Sell,1522,0.0
1411,1139,PMS01,30-12-2023,Buy,14996216,149962.16
726,1142,EQ01,05-07-2023,Buy,153228,766.14
730,1142,MF01,08-09-2024,Sell,8995,0.0
729,1142,MF01,09-11-2022,Sell,61395,0.0
728,1142,MF01,13-01-2025,Sell,38662,0.0
727,1142,MF01,16-11-2023,Buy,112059,0.0
1084,1143,EQ01,05-06-2024,Sell,356,1.78
1078,1143,EQ01,06-02-2024,Buy,25159,125.8
1077,1143,MF01,07-03-2024,Sell,11091,0.0
1074,1143,EQ01,07-10-2023,Sell,87721,438.61
1082,1143,MF01,10-02-2023,Buy,150590,0.0
1088,1143,MF01,10-12-2023,Sell,178539,0.0
1087,1143,PMS01,13-02-2023,Sell,6966608,69666.08
1085,1143,EQ01,19-05-2025,Buy,88813,444.06
1086,1143,EQ01,20-03-2023,Sell,2097,10.48
1080,1143,MF01,21-02-2025,Sell,15899,0.0
1073,1143,EQ01,22-03-2025,Buy,157150,785.75
1075,1143,MF01,23-02-2025,Buy,137669,0.0
1079,1143,PMS01,25-03-2024,Buy,19610693,196106.93
1076,1143,MF01,26-07-2023,Sell,42094,0.0
1083,1143,EQ01,26-12-2023,Sell,15,0.07
1081,1143,EQ01,28-05-2024,Sell,91661,458.31
1332,1144,MF01,01-07-2023,Sell,2230,0.0
1333,1144,EQ01,05-11-2024,Buy,148750,743.75
1334,1144,MF01,07-02-2023,Sell,6734,0.0
1330,1144,EQ01,12-02-2025,Sell,135235,676.18
1331,1144,MF01,20-11-2023,Buy,54134,0.0
1329,1144,EQ01,26-01-2024,Buy,177983,889.91
1360,1145,EQ01,02-09-2024,Buy,189296,946.48
1365,1145,EQ01,04-05-2023,Sell,46017,230.09
1363,1145,EQ01,09-01-2025,Buy,103436,517.18
1364,1145,MF01,09-04-2024,Buy,57282,0.0
1371,1145,EQ01,09-05-2023,Sell,80871,404.36
1362,1145,MF01,09-08-2022,Buy,151822,0.0
1375,1145,MF01,09-08-2025,Sell,274265,0.0
1358,1145,MF01,13-02-2023,Buy,164117,0.0
1368,1145,MF01,13-02-2025,Sell,215974,0.0
1373,1145,MF01,14-01-2024,Buy,117178,0.0
1367,1145,EQ01,15-10-2023,Sell,36587,182.94
1359,1145,MF01,17-11-2024,Sell,3668,0.0
1370,1145,EQ01,23-03-2023,Sell,82792,413.96
1361,1145,EQ01,25-09-2024,Sell,123376,616.88
1369,1145,MF01,25-09-2024,Buy,45659,0.0
1376,1145,MF01,25-10-2023,Buy,70466,0.0
1377,1145,PMS01,26-02-2024,Buy,10052415,100524.15
1366,1145,EQ01,27-08-2024,Buy,163420,817.1
1374,1145,EQ01,27-12-2023,Sell,31080,155.4
1372,1145,EQ01,28-11-2024,Sell,54174,270.87
1356,1149,MF01,03-12-2023,Sell,37271,0.0
1347,1149,MF01,04-09-2022,Buy,38648,0.0
1348,1149,MF01,12-12-2023,Sell,96642,0.0
1351,1149,MF01,13-02-2025,Buy,142357,0.0
1344,1149,MF01,14-02-2025,Sell,84885,0.0
1346,1149,EQ01,14-05-2024,Sell,18839,94.2
1349,1149,EQ01,14-07-2025,Sell,8889,44.45
1345,1149,EQ01,17-06-2025,Sell,86504,432.52
1357,1149,PMS01,17-07-2022,Sell,236173,2361.73
1355,1149,PMS01,17-09-2024,Buy,15373510,153735.1
1343,1149,MF01,18-03-2024,Buy,145046,0.0
1354,1149,MF01,18-08-2022,Sell,596139,0.0
1353,1149,MF01,19-02-2025,Buy,185682,0.0
1352,1149,MF01,21-07-2022,Buy,148059,0.0
1342,1149,EQ01,25-08-2022,Buy,114257,571.28
1350,1149,MF01,26-08-2024,Buy,160426,0.0
1920,1150,MF01,05-08-2023,Buy,94596,0.0
1917,1150,PMS01,05-12-2024,Buy,15334467,153344.67
1919,1150,EQ01,06-08-2024,Buy,91242,456.21
1910,1150,EQ01,07-09-2022,Buy,105804,529.02
1914,1150,MF01,08-10-2022,Buy,130276,0.0
1918,1150,MF01,08-12-2023,Buy,130066,0.0
1913,1150,EQ01,17-09-2023,Sell,970,4.85
1921,1150,MF01,24-02-2024,Sell,96876,0.0
1911,1150,MF01,25-05-2024,Buy,133393,0.0
1912,1150,EQ01,25-07-2023,Sell,22230,111.15
1915,1150,EQ01,26-04-2023,Sell,47592,237.96
1916,1150,EQ01,28-11-2024,Sell,13416,67.08
1019,1151,EQ01,05-08-2024,Buy,110209,551.04
1016,1151,MF01,08-01-2023,Buy,181100,0.0
1023,1151,EQ01,08-03-2025,Sell,18389,91.95
1020,1151,EQ01,08-07-2022,Sell,428682,2143.41
1012,1151,EQ01,09-03-2025,Buy,74397,371.99
1026,1151,EQ01,09-04-2025,Sell,4547,22.73
1015,1151,MF01,11-08-2025,Sell,27733,0.0
1017,1151,EQ01,12-01-2024,Buy,34435,172.18
1024,1151,MF01,17-10-2022,Sell,149733,0.0
1018,1151,EQ01,19-12-2022,Buy,153690,768.45
1014,1151,EQ01,23-04-2023,Buy,88042,440.21
1021,1151,PMS01,25-02-2025,Buy,18886640,188866.4
1025,1151,MF01,25-07-2024,Sell,71455,0.0
1022,1151,MF01,27-09-2025,Buy,156021,0.0
1013,1151,MF01,29-01-2024,Buy,42777,0.0
595,1152,EQ01,02-11-2023,Buy,90633,453.17
594,1152,EQ01,05-12-2024,Buy,166890,834.45
596,1152,EQ01,07-07-2025,Buy,121579,607.89
597,1152,EQ01,22-03-2024,Sell,257313,1286.57
599,1152,MF01,23-09-2025,Buy,120745,0.0
598,1152,MF01,29-03-2025,Buy,154360,0.0
1901,1153,MF01,06-11-2024,Sell,103200,0.0
1896,1153,MF01,15-05-2023,Buy,186467,0.0
1898,1153,EQ01,16-07-2024,Sell,42552,212.76
1897,1153,EQ01,22-02-2023,Sell,152995,764.98
1899,1153,MF01,25-05-2025,Buy,154629,0.0
1900,1153,EQ01,25-08-2022,Buy,156199,781.0
1895,1153,EQ01,30-07-2025,Buy,198038,990.19
1176,1154,EQ01,07-12-2024,Buy,53788,268.94
1173,1154,MF01,11-08-2024,Buy,86494,0.0
1172,1154,MF01,19-09-2023,Buy,145518,0.0
1175,1154,MF01,22-11-2023,Buy,161906,0.0
1174,1154,MF01,27-09-2023,Sell,16779,0.0
138,1155,MF01,05-11-2022,Sell,143532,0.0
142,1155,MF01,09-12-2023,Sell,7466,0.0
140,1155,EQ01,11-05-2023,Sell,49094,245.47
131,1155,EQ01,15-05-2023,Buy,41921,209.61
132,1155,MF01,16-06-2023,Buy,165897,0.0
134,1155,MF01,16-07-2023,Buy,66882,0.0
141,1155,MF01,18-03-2024,Sell,26932,0.0
136,1155,EQ01,19-03-2025,Sell,78927,394.63
143,1155,PMS01,22-06-2025,Buy,15424515,154245.15
133,1155,EQ01,24-09-2024,Buy,65317,326.58
139,1155,EQ01,27-10-2023,Buy,58969,294.85
135,1155,EQ01,28-03-2024,Buy,143110,715.55
137,1155,EQ01,29-12-2024,Sell,53170,265.85
738,1156,MF01,01-11-2023,Buy,157263,0.0
733,1156,EQ01,04-09-2022,Sell,40431,202.16
739,1156,MF01,08-08-2022,Buy,150868,0.0
735,1156,EQ01,08-12-2023,Sell,157197,785.99
737,1156,MF01,09-02-2025,Sell,164337,0.0
736,1156,EQ01,14-01-2024,Buy,150085,750.43
731,1156,EQ01,15-02-2024,Buy,108426,542.13
732,1156,MF01,15-04-2024,Buy,180098,0.0
734,1156,EQ01,27-04-2023,Buy,133913,669.57
1487,1157,EQ01,04-11-2024,Buy,51267,256.33
1484,1157,EQ01,06-10-2022,Buy,84892,424.46
1489,1157,MF01,09-10-2023,Sell,2065,0.0
1486,1157,MF01,18-09-2024,Sell,143023,0.0
1492,1157,MF01,22-08-2024,Buy,93985,0.0
1490,1157,MF01,26-07-2024,Sell,1718,0.0
1488,1157,EQ01,29-09-2025,Sell,28317,141.59
1485,1157,MF01,29-11-2022,Buy,147087,0.0
1491,1157,MF01,31-08-2023,Sell,14,0.0
1198,1158,MF01,02-04-2025,Sell,158575,0.0
1201,1158,EQ01,02-08-2025,Buy,139293,696.47
1195,1158,MF01,07-08-2022,Sell,76235,0.0
1199,1158,MF01,08-12-2024,Buy,176283,0.0
1200,1158,EQ01,11-03-2025,Sell,28440,142.2
1205,1158,EQ01,14-03-2023,Sell,25635,128.18
1203,1158,EQ01,19-11-2024,Sell,161120,805.6
1194,1158,MF01,19-12-2024,Buy,99554,0.0
1196,1158,MF01,23-02-2023,Buy,186214,0.0
1202,1158,MF01,26-07-2023,Buy,145474,0.0
1204,1158,MF01,28-07-2024,Buy,129617,0.0
1193,1158,EQ01,28-09-2024,Buy,164448,822.24
1197,1158,EQ01,31-08-2024,Sell,55001,275.0
535,1159,MF01,01-06-2024,Buy,53458,0.0
531,1159,EQ01,01-07-2022,Buy,192521,962.61
534,1159,PMS01,05-10-2023,Buy,6794421,67944.21
537,1159,MF01,13-04-2024,Buy,107409,0.0
536,1159,EQ01,14-08-2024,Sell,86421,432.11
533,1159,EQ01,14-09-2025,Sell,269714,1348.57
529,1159,MF01,15-08-2025,Buy,74335,0.0
538,1159,MF01,15-12-2024,Sell,171696,0.0
530,1159,MF01,18-03-2025,Buy,72086,0.0
532,1159,EQ01,24-09-2022,Buy,143968,719.84
528,1159,EQ01,30-10-2022,Buy,180911,904.56
36,1160,MF01,02-12-2024,Buy,84826,0.0
49,1160,EQ01,04-11-2023,Buy,95871,479.36
50,1160,EQ01,05-02-2024,Sell,191231,956.15
40,1160,EQ01,05-06-2024,Sell,103884,519.42
42,1160,MF01,06-05-2025,Buy,44455,0.0
45,1160,MF01,09-01-2023,Buy,183565,0.0
35,1160,MF01,11-09-2022,Buy,145463,0.0
38,1160,MF01,11-10-2023,Buy,178254,0.0
37,1160,MF01,12-01-2023,Buy,20640,0.0
47,1160,MF01,13-11-2022,Buy,83745,0.0
48,1160,PMS01,16-06-2025,Buy,9557511,95575.11
43,1160,MF01,20-01-2024,Buy,91755,0.0
44,1160,PMS01,24-01-2023,Buy,19191037,191910.37
41,1160,EQ01,25-12-2024,Buy,67333,336.67
46,1160,MF01,29-07-2023,Sell,225700,0.0
39,1160,EQ01,31-05-2023,Buy,193436,967.18
365,1161,MF01,05-02-2024,Buy,173120,0.0
371,1161,EQ01,05-03-2025,Sell,64694,323.47
369,1161,EQ01,12-06-2025,Sell,32638,163.19
372,1161,EQ01,19-01-2025,Sell,22447,112.23
370,1161,EQ01,21-11-2024,Buy,117439,587.2
367,1161,EQ01,25-05-2024,Sell,8560,42.8
366,1161,EQ01,27-04-2023,Buy,54062,270.31
368,1161,MF01,29-02-2024,Sell,72614,0.0
440,1163,EQ01,05-04-2024,Buy,114717,573.59
441,1163,MF01,11-10-2023,Buy,75437,0.0
444,1163,MF01,13-01-2024,Buy,125778,0.0
443,1163,EQ01,19-05-2024,Sell,72002,360.01
439,1163,EQ01,21-11-2023,Buy,98614,493.07
442,1163,EQ01,24-03-2024,Buy,52558,262.79
787,1164,EQ01,01-02-2025,Sell,611,3.06
786,1164,EQ01,07-01-2024,Sell,94422,472.11
789,1164,MF01,07-06-2023,Buy,141705,0.0
790,1164,MF01,07-10-2022,Buy,51869,0.0
780,1164,EQ01,10-09-2022,Buy,160728,803.64
782,1164,MF01,13-07-2022,Buy,39660,0.0
784,1164,EQ01,13-10-2023,Sell,51353,256.76
792,1164,MF01,16-04-2023,Buy,73709,0.0
785,1164,MF01,16-11-2023,Sell,11983,0.0
791,1164,PMS01,20-03-2024,Buy,6700597,67005.97
788,1164,MF01,24-03-2025,Sell,66565,0.0
783,1164,MF01,26-11-2022,Sell,68194,0.0
781,1164,MF01,28-01-2023,Buy,156214,0.0
835,1165,MF01,01-03-2023,Sell,7804,0.0
830,1165,EQ01,07-08-2022,Buy,166698,833.49
832,1165,MF01,14-07-2025,Buy,49179,0.0
834,1165,EQ01,16-08-2023,Sell,140366,701.83
833,1165,EQ01,19-06-2023,Sell,24293,121.47
831,1165,EQ01,23-11-2023,Buy,69113,345.56
1592,1166,MF01,01-11-2022,Buy,158631,0.0
1601,1166,MF01,02-09-2024,Buy,109278,0.0
1595,1166,EQ01,03-09-2024,Buy,165685,828.43
1600,1166,EQ01,06-07-2022,Buy,32262,161.31
1606,1166,EQ01,06-09-2024,Buy,156335,781.68
1602,1166,EQ01,11-06-2024,Sell,110540,552.7
1593,1166,EQ01,12-05-2024,Buy,113530,567.65
1591,1166,EQ01,13-07-2022,Sell,8659,43.3
1603,1166,EQ01,18-09-2024,Buy,169945,849.73
1604,1166,EQ01,18-10-2022,Sell,518,2.59
1596,1166,EQ01,18-11-2024,Sell,212406,1062.03
1590,1166,EQ01,19-06-2025,Sell,37376,186.88
1588,1166,EQ01,20-01-2024,Buy,50070,250.35
1605,1166,EQ01,22-01-2025,Buy,68810,344.05
1597,1166,MF01,22-07-2025,Buy,135395,0.0
1589,1166,MF01,24-02-2023,Buy,170503,0.0
1598,1166,EQ01,24-11-2023,Sell,147030,735.15
1594,1166,EQ01,27-12-2023,Buy,170513,852.57
1599,1166,PMS01,28-06-2023,Buy,12738304,127383.04
1587,1166,MF01,29-12-2022,Buy,199134,0.0
1403,1167,MF01,03-07-2022,Sell,154564,0.0
1401,1167,EQ01,06-04-2023,Buy,115663,578.32
1404,1167,MF01,10-06-2025,Buy,61769,0.0
1397,1167,MF01,10-09-2023,Sell,5088,0.0
1395,1167,MF01,13-11-2023,Buy,41880,0.0
1400,1167,MF01,17-05-2023,Sell,333,0.0
1396,1167,MF01,20-09-2022,Sell,33896,0.0
1402,1167,MF01,23-07-2025,Buy,176741,0.0
1399,1167,EQ01,24-08-2022,Buy,114139,570.7
1398,1167,MF01,27-06-2023,Sell,2478,0.0
1394,1167,EQ01,29-10-2022,Buy,113946,569.73
763,1168,EQ01,01-10-2022,Sell,21662,108.31
775,1168,EQ01,02-03-2023,Buy,38079,190.4
771,1168,MF01,03-04-2024,Buy,39789,0.0
769,1168,EQ01,04-03-2023,Buy,178378,891.89
761,1168,MF01,06-03-2023,Buy,75057,0.0
768,1168,EQ01,07-10-2025,Buy,159028,795.14
778,1168,MF01,08-03-2025,Buy,162462,0.0
772,1168,EQ01,11-12-2024,Sell,255286,1276.43
770,1168,EQ01,13-04-2025,Buy,48805,244.03
776,1168,EQ01,13-06-2025,Sell,30493,152.47
774,1168,MF01,15-08-2022,Sell,12525,0.0
762,1168,EQ01,16-03-2024,Buy,41571,207.86
779,1168,PMS01,17-03-2024,Buy,16752395,167523.95
773,1168,EQ01,17-08-2025,Sell,105932,529.66
764,1168,EQ01,25-07-2023,Sell,14670,73.35
767,1168,EQ01,26-04-2025,Sell,25947,129.74
765,1168,EQ01,26-07-2025,Buy,92972,464.86
766,1168,EQ01,28-12-2022,Sell,61256,306.28
777,1168,MF01,29-05-2023,Buy,93537,0.0
232,1169,EQ01,01-05-2025,Sell,90604,453.02
238,1169,EQ01,01-10-2024,Sell,114694,573.47
241,1169,MF01,03-09-2025,Buy,35491,0.0
244,1169,PMS01,04-03-2025,Sell,3170329,31703.29
242,1169,EQ01,05-01-2023,Sell,47484,237.42
240,1169,EQ01,06-05-2023,Buy,46918,234.59
245,1169,MF01,07-08-2022,Sell,29629,0.0
246,1169,MF01,10-10-2024,Sell,181889,0.0
243,1169,PMS01,11-04-2025,Buy,19662779,196627.79
234,1169,MF01,18-08-2025,Buy,162197,0.0
235,1169,MF01,22-07-2025,Sell,45038,0.0
233,1169,EQ01,23-08-2024,Buy,84031,420.16
237,1169,MF01,25-03-2023,Buy,125315,0.0
236,1169,MF01,26-10-2024,Buy,147611,0.0
239,1169,EQ01,30-10-2024,Sell,4238,21.19
231,1169,EQ01,31-05-2023,Buy,130841,654.21
1675,1171,EQ01,04-12-2024,Sell,50997,254.99
1678,1171,MF01,06-05-2024,Buy,25903,0.0
1674,1171,EQ01,09-08-2024,Buy,110191,550.96
1680,1171,EQ01,10-09-2023,Sell,47086,235.43
1677,1171,EQ01,10-09-2024,Buy,26742,133.71
1684,1171,MF01,13-07-2023,Sell,6494,0.0
1681,1171,MF01,16-07-2023,Sell,16530,0.0
1682,1171,MF01,18-11-2024,Sell,2490,0.0
1683,1171,EQ01,21-02-2024,Buy,116105,580.52
1676,1171,EQ01,22-02-2025,Buy,69601,348.0
1679,1171,EQ01,25-09-2022,Sell,90314,451.57
216,1173,EQ01,01-01-2024,Sell,5777,28.89
226,1173,EQ01,02-04-2025,Sell,3076,15.38
218,1173,MF01,02-08-2024,Sell,281016,0.0
225,1173,EQ01,02-12-2022,Sell,45100,225.5
228,1173,MF01,03-09-2022,Buy,163602,0.0
223,1173,EQ01,04-02-2024,Sell,2351,11.76
214,1173,EQ01,04-10-2025,Buy,131699,658.5
213,1173,MF01,09-05-2023,Buy,166813,0.0
219,1173,PMS01,10-01-2024,Buy,7047919,70479.19
217,1173,EQ01,11-08-2024,Sell,9958,49.79
220,1173,PMS01,13-12-2024,Buy,18553267,185532.67
229,1173,MF01,15-05-2024,Buy,81570,0.0
212,1173,MF01,15-06-2024,Buy,164997,0.0
227,1173,EQ01,18-04-2025,Sell,506,2.53
230,1173,MF01,21-04-2025,Sell,33996,0.0
221,1173,EQ01,21-12-2022,Sell,1311,6.55
222,1173,MF01,27-10-2024,Sell,10620,0.0
224,1173,EQ01,29-05-2025,Buy,48241,241.21
215,1173,EQ01,29-06-2025,Sell,111672,558.36
1786,1174,MF01,07-03-2023,Buy,122178,0.0
1783,1174,MF01,07-09-2024,Buy,185036,0.0
1788,1174,MF01,10-10-2024,Sell,142847,0.0
1785,1174,MF01,11-08-2025,Sell,144615,0.0
1784,1174,EQ01,12-08-2025,Buy,103281,516.4
1781,1174,EQ01,25-12-2024,Buy,181156,905.78
1787,1174,EQ01,29-06-2023,Sell,151129,755.64
1782,1174,EQ01,31-01-2025,Buy,178914,894.57
1872,1176,MF01,01-05-2024,Buy,51729,0.0
1878,1176,EQ01,02-04-2025,Buy,91058,455.29
1876,1176,MF01,04-01-2025,Buy,28793,0.0
1882,1176,EQ01,04-07-2024,Sell,196145,980.73
1874,1176,EQ01,10-08-2024,Sell,48743,243.72
1875,1176,EQ01,17-02-2025,Buy,54120,270.6
1871,1176,MF01,20-05-2025,Sell,98663,0.0
1877,1176,MF01,22-08-2023,Buy,54907,0.0
1881,1176,MF01,23-08-2023,Sell,24423,0.0
1880,1176,MF01,26-03-2023,Sell,174554,0.0
1870,1176,MF01,28-03-2023,Buy,169257,0.0
1873,1176,EQ01,28-10-2022,Buy,69684,348.42
1883,1176,EQ01,29-01-2023,Sell,4509,22.55
1879,1176,EQ01,31-03-2023,Buy,38981,194.91
376,1177,EQ01,01-08-2025,Buy,109839,549.2
373,1177,MF01,06-08-2022,Buy,166771,0.0
374,1177,EQ01,07-07-2025,Buy,100557,502.79
378,1177,EQ01,07-09-2023,Sell,3658,18.29
380,1177,MF01,16-03-2023,Sell,123473,0.0
377,1177,MF01,18-03-2025,Sell,164088,0.0
379,1177,MF01,19-07-2024,Buy,148124,0.0
381,1177,MF01,24-08-2023,Sell,5340,0.0
375,1177,EQ01,27-11-2023,Sell,29927,149.63
1233,1178,EQ01,01-09-2025,Sell,5669,28.34
1232,1178,EQ01,15-07-2025,Buy,181650,908.25
1231,1178,MF01,22-02-2023,Buy,131158,0.0
1235,1178,MF01,25-05-2023,Sell,57031,0.0
1234,1178,EQ01,27-08-2022,Buy,57411,287.06
1237,1178,MF01,27-08-2023,Buy,78430,0.0
1236,1178,EQ01,30-12-2022,Buy,111238,556.19
1103,1179,MF01,02-06-2024,Sell,122597,0.0
1109,1179,MF01,02-09-2024,Sell,87277,0.0
1106,1179,MF01,05-09-2023,Buy,61998,0.0
1108,1179,EQ01,12-03-2023,Buy,123235,616.18
1104,1179,PMS01,12-06-2024,Buy,10323710,103237.1
1099,1179,EQ01,13-02-2023,Sell,79765,398.82
1098,1179,EQ01,18-11-2022,Buy,191281,956.4
1107,1179,EQ01,23-03-2025,Sell,121298,606.49
1105,1179,MF01,23-05-2024,Buy,38830,0.0
1101,1179,MF01,25-12-2023,Buy,81519,0.0
1102,1179,EQ01,29-06-2024,Buy,103573,517.87
1100,1179,MF01,31-01-2023,Buy,62554,0.0
641,1180,MF01,02-02-2023,Sell,101333,0.0
654,1180,MF01,04-09-2024,Sell,24665,0.0
644,1180,EQ01,05-04-2025,Sell,75738,378.69
643,1180,MF01,07-08-2025,Sell,123522,0.0
653,1180,EQ01,09-01-2023,Buy,119372,596.86
651,1180,MF01,10-04-2025,Sell,15058,0.0
647,1180,EQ01,10-08-2023,Buy,199084,995.42
646,1180,EQ01,11-07-2024,Buy,197761,988.81
655,1180,MF01,14-02-2023,Buy,129895,0.0
637,1180,EQ01,14-07-2025,Buy,188456,942.28
649,1180,PMS01,14-12-2024,Buy,18991016,189910.16
645,1180,MF01,15-03-2023,Buy,45194,0.0
638,1180,EQ01,15-03-2025,Buy,28752,143.76
640,1180,MF01,16-06-2025,Buy,97509,0.0
648,1180,EQ01,17-07-2022,Sell,364254,1821.27
642,1180,MF01,19-12-2024,Buy,54950,0.0
636,1180,MF01,23-05-2023,Buy,79553,0.0
652,1180,EQ01,26-01-2025,Buy,140555,702.77
650,1180,EQ01,28-12-2023,Buy,196126,980.63
639,1180,EQ01,30-07-2023,Sell,137371,686.86
1425,1181,MF01,09-07-2022,Buy,57670,0.0
1433,1181,MF01,09-10-2024,Sell,411839,0.0
1422,1181,EQ01,10-01-2025,Buy,111877,559.38
1419,1181,MF01,10-12-2024,Buy,129855,0.0
1421,1181,MF01,12-10-2024,Sell,32750,0.0
1432,1181,MF01,13-12-2024,Buy,69453,0.0
1426,1181,EQ01,14-12-2024,Sell,171903,859.51
1420,1181,EQ01,15-02-2023,Buy,148690,743.45
1430,1181,MF01,15-03-2024,Buy,90933,0.0
1424,1181,EQ01,15-04-2023,Buy,45579,227.9
1423,1181,MF01,20-05-2024,Sell,7747,0.0
1434,1181,PMS01,20-08-2025,Buy,10653603,106536.03
1428,1181,MF01,21-08-2022,Buy,53027,0.0
1429,1181,MF01,23-07-2025,Buy,184574,0.0
1431,1181,EQ01,26-07-2023,Sell,57971,289.86
1427,1181,EQ01,26-12-2024,Buy,116475,582.38
2108,1183,MF01,02-12-2024,Buy,112247,0.0
2115,1183,EQ01,06-12-2022,Buy,35329,176.65
2113,1183,PMS01,09-05-2025,Buy,11551818,115518.18
2114,1183,MF01,15-07-2025,Buy,191896,0.0
2107,1183,MF01,18-09-2023,Buy,143158,0.0
2116,1183,EQ01,20-05-2024,Buy,22785,113.92
2111,1183,MF01,22-06-2024,Sell,187746,0.0
2112,1183,EQ01,24-01-2023,Buy,24041,120.2
2110,1183,EQ01,29-08-2024,Buy,103499,517.5
2109,1183,EQ01,30-05-2023,Buy,128394,641.97
1812,1184,EQ01,01-04-2023,Buy,186333,931.66
1816,1184,MF01,03-01-2025,Buy,128873,0.0
1813,1184,EQ01,04-08-2024,Sell,127266,636.33
1820,1184,MF01,09-04-2023,Buy,51894,0.0
1814,1184,MF01,09-07-2022,Sell,82708,0.0
1822,1184,MF01,10-09-2022,Buy,126233,0.0
1821,1184,EQ01,16-07-2022,Sell,112733,563.66
1818,1184,EQ01,25-04-2024,Buy,45007,225.03
1823,1184,EQ01,25-12-2023,Sell,124942,624.71
1815,1184,EQ01,26-12-2022,Buy,179681,898.4
1817,1184,EQ01,28-08-2023,Buy,34999,175.0
1819,1184,EQ01,29-10-2022,Sell,61059,305.3
1811,1184,MF01,30-08-2025,Buy,120586,0.0
1385,1185,EQ01,02-07-2024,Buy,66593,332.97
1378,1185,MF01,03-06-2025,Buy,161460,0.0
1388,1185,MF01,03-09-2022,Buy,71670,0.0
1386,1185,MF01,04-06-2023,Sell,46343,0.0
1390,1185,EQ01,06-02-2023,Sell,50363,251.81
1393,1185,MF01,07-08-2023,Sell,176329,0.0
1381,1185,MF01,10-06-2024,Sell,14169,0.0
1382,1185,MF01,12-06-2024,Buy,67398,0.0
1380,1185,MF01,14-09-2023,Buy,52689,0.0
1384,1185,EQ01,15-06-2025,Sell,15301,76.5
1387,1185,EQ01,16-03-2024,Buy,106597,532.99
1389,1185,EQ01,18-11-2022,Buy,84742,423.71
1383,1185,EQ01,20-09-2025,Buy,30877,154.38
1379,1185,MF01,22-04-2023,Sell,149761,0.0
1392,1185,MF01,27-08-2022,Buy,129200,0.0
1391,1185,MF01,30-07-2024,Sell,20274,0.0
1133,1186,MF01,01-04-2024,Sell,15470,0.0
1129,1186,MF01,03-02-2024,Buy,73918,0.0
1130,1186,EQ01,11-11-2022,Buy,45041,225.21
1132,1186,EQ01,14-09-2025,Sell,16306,81.53
1134,1186,MF01,15-03-2024,Sell,37991,0.0
1131,1186,EQ01,19-11-2023,Sell,39183,195.91
1128,1186,EQ01,22-08-2024,Buy,51023,255.12
1135,1186,MF01,22-12-2024,Buy,90671,0.0
1654,1187,MF01,03-02-2023,Buy,43772,0.0
1666,1187,MF01,04-09-2024,Buy,66623,0.0
1659,1187,MF01,07-01-2023,Sell,125816,0.0
1660,1187,EQ01,07-06-2023,Buy,139309,696.54
1665,1187,MF01,08-04-2025,Sell,3148,0.0
1671,1187,PMS01,08-07-2023,Sell,13915892,139158.92
1655,1187,MF01,10-07-2025,Buy,26735,0.0
1673,1187,EQ01,11-03-2024,Sell,113491,567.46
1658,1187,MF01,12-02-2024,Buy,39031,0.0
1672,1187,EQ01,12-03-2024,Buy,84781,423.91
1670,1187,MF01,12-10-2022,Sell,67606,0.0
1663,1187,EQ01,13-02-2023,Buy,49155,245.78
1667,1187,EQ01,13-06-2025,Buy,34480,172.4
1664,1187,PMS01,19-01-2025,Buy,15531666,155316.66
1662,1187,MF01,19-09-2022,Sell,56732,0.0
1661,1187,EQ01,19-11-2023,Sell,27275,136.38
1657,1187,MF01,22-05-2023,Sell,99321,0.0
1656,1187,MF01,23-05-2024,Buy,183879,0.0
1668,1187,MF01,25-12-2022,Buy,83981,0.0
1669,1187,MF01,30-05-2024,Buy,117896,0.0
1778,1188,EQ01,02-04-2025,Sell,26187,130.94
1771,1188,MF01,02-07-2025,Buy,114806,0.0
1770,1188,MF01,03-06-2025,Buy,59865,0.0
1780,1188,MF01,04-07-2022,Buy,126170,0.0
1776,1188,MF01,09-07-2024,Buy,29372,0.0
1775,1188,PMS01,10-09-2022,Buy,17008165,170081.65
1765,1188,MF01,11-10-2022,Buy,63293,0.0
1768,1188,EQ01,11-10-2024,Buy,124041,620.21
1773,1188,PMS01,13-01-2024,Buy,11529858,115298.58
1772,1188,EQ01,13-10-2024,Sell,254781,1273.9
1766,1188,MF01,15-02-2023,Buy,67897,0.0
1779,1188,EQ01,15-08-2024,Buy,177591,887.96
1769,1188,EQ01,16-08-2023,Buy,160877,804.38
1777,1188,MF01,17-04-2023,Buy,179513,0.0
1767,1188,MF01,17-04-2025,Sell,72129,0.0
1774,1188,MF01,19-03-2023,Sell,140353,0.0
357,1190,MF01,05-06-2024,Buy,98609,0.0
363,1190,EQ01,05-08-2025,Buy,21878,109.39
360,1190,EQ01,07-04-2025,Sell,66855,334.28
358,1190,EQ01,07-12-2023,Sell,31414,157.07
362,1190,MF01,15-01-2023,Sell,134937,0.0
359,1190,EQ01,19-01-2023,Buy,78835,394.18
355,1190,EQ01,24-09-2025,Buy,92314,461.57
361,1190,MF01,24-12-2023,Buy,68322,0.0
356,1190,MF01,25-02-2023,Buy,171551,0.0
364,1190,MF01,27-11-2024,Sell,136042,0.0
303,1191,EQ01,02-10-2022,Buy,59528,297.64
304,1191,PMS01,07-08-2024,Buy,10925595,109255.95
301,1191,MF01,10-01-2023,Buy,67246,0.0
299,1191,MF01,22-04-2023,Buy,136061,0.0
300,1191,MF01,23-07-2025,Sell,79859,0.0
305,1191,MF01,26-04-2025,Sell,68657,0.0
302,1191,EQ01,27-11-2022,Buy,110818,554.09
1867,1192,EQ01,03-06-2023,Buy,176933,884.66
1857,1192,EQ01,05-09-2023,Sell,54705,273.53
1856,1192,MF01,05-11-2022,Sell,83,0.0
1869,1192,EQ01,07-09-2023,Sell,243531,1217.65
1860,1192,MF01,08-01-2023,Sell,117,0.0
1866,1192,MF01,12-08-2022,Buy,176986,0.0
1868,1192,EQ01,12-08-2024,Buy,191866,959.33
1865,1192,EQ01,14-06-2023,Sell,17018,85.09
1861,1192,MF01,16-07-2022,Sell,32,0.0
1855,1192,EQ01,18-01-2025,Buy,84374,421.87
1853,1192,MF01,21-07-2024,Sell,65856,0.0
1858,1192,MF01,22-02-2025,Sell,337,0.0
1862,1192,EQ01,22-03-2025,Sell,66091,330.45
1863,1192,PMS01,25-12-2023,Buy,16660831,166608.31
1864,1192,MF01,26-06-2024,Buy,172704,0.0
1854,1192,MF01,27-07-2025,Sell,11753,0.0
1859,1192,EQ01,27-12-2023,Buy,60423,302.12
1852,1192,MF01,29-10-2023,Buy,78640,0.0
1904,1193,MF01,01-03-2024,Sell,89143,0.0
1902,1193,MF01,05-06-2025,Buy,127808,0.0
1907,1193,EQ01,05-08-2023,Sell,197873,989.37
1909,1193,EQ01,09-02-2024,Sell,62081,310.41
1905,1193,EQ01,19-03-2023,Buy,92969,464.85
1906,1193,EQ01,25-02-2024,Buy,199142,995.71
1903,1193,EQ01,27-06-2023,Buy,110703,553.51
1908,1193,MF01,29-07-2025,Sell,27755,0.0
1094,1194,MF01,01-03-2025,Buy,27430,0.0
1089,1194,EQ01,03-09-2023,Buy,140267,701.34
1093,1194,MF01,04-03-2023,Sell,23216,0.0
1092,1194,MF01,05-10-2022,Buy,159246,0.0
1097,1194,MF01,15-04-2025,Sell,68418,0.0
1090,1194,MF01,16-08-2023,Buy,186232,0.0
1095,1194,MF01,20-08-2022,Sell,92515,0.0
1091,1194,EQ01,25-02-2023,Sell,47539,237.69
1096,1194,MF01,30-11-2024,Sell,92078,0.0
448,1195,EQ01,05-06-2025,Buy,168118,840.59
454,1195,EQ01,08-10-2023,Buy,183644,918.22
451,1195,MF01,09-04-2023,Buy,46275,0.0
446,1195,EQ01,09-09-2025,Buy,136833,684.16
455,1195,MF01,14-02-2025,Sell,6585,0.0
449,1195,EQ01,14-06-2023,Sell,264373,1321.87
453,1195,PMS01,17-03-2025,Sell,11793829,117938.29
450,1195,PMS01,17-06-2024,Buy,16250202,162502.02
445,1195,MF01,19-12-2024,Buy,172415,0.0
452,1195,MF01,20-10-2024,Buy,130544,0.0
447,1195,MF01,26-12-2023,Buy,199984,0.0
456,1195,EQ01,28-07-2025,Sell,62733,313.67
757,1196,MF01,10-01-2025,Sell,28379,0.0
754,1196,MF01,12-10-2023,Buy,26561,0.0
755,1196,EQ01,13-07-2023,Sell,18310,91.55
753,1196,EQ01,14-04-2023,Buy,131641,658.21
758,1196,EQ01,17-01-2024,Sell,101570,507.85
760,1196,EQ01,18-09-2024,Buy,108112,540.56
756,1196,MF01,24-07-2023,Buy,102286,0.0
759,1196,EQ01,28-06-2025,Buy,45120,225.6
1323,1197,EQ01,05-05-2024,Buy,75493,377.47
1328,1197,MF01,07-05-2024,Sell,88327,0.0
1321,1197,EQ01,13-10-2022,Sell,8902,44.51
1324,1197,MF01,14-03-2024,Buy,156515,0.0
1316,1197,MF01,15-01-2024,Buy,92189,0.0
1326,1197,PMS01,16-04-2023,Buy,16066642,160666.42
1317,1197,EQ01,17-06-2023,Buy,162870,814.35
1319,1197,MF01,17-10-2024,Sell,79691,0.0
1325,1197,EQ01,20-07-2025,Sell,114525,572.62
1320,1197,MF01,22-03-2025,Sell,1270,0.0
1322,1197,MF01,22-09-2025,Sell,10571,0.0
1318,1197,EQ01,25-08-2023,Sell,63055,315.28
1327,1197,EQ01,29-04-2025,Buy,127669,638.35
1641,1198,MF01,01-11-2022,Buy,194509,0.0
1649,1198,EQ01,03-03-2024,Sell,42572,212.86
1651,1198,MF01,03-11-2024,Sell,210618,0.0
1640,1198,MF01,06-11-2024,Buy,129894,0.0
1644,1198,MF01,08-02-2023,Sell,168769,0.0
1642,1198,EQ01,11-02-2025,Buy,29626,148.13
1652,1198,EQ01,11-11-2024,Buy,48957,244.78
1646,1198,MF01,12-09-2023,Sell,69543,0.0
1648,1198,EQ01,14-08-2022,Buy,68546,342.73
1645,1198,EQ01,15-03-2025,Sell,59449,297.25
1647,1198,EQ01,24-12-2022,Sell,13222,66.11
1650,1198,MF01,25-05-2023,Buy,181777,0.0
1653,1198,MF01,25-07-2022,Sell,52869,0.0
1639,1198,EQ01,25-08-2025,Buy,89574,447.87
1643,1198,EQ01,30-05-2025,Buy,89770,448.85
848,1199,MF01,01-01-2023,Sell,20806,0.0
851,1199,PMS01,03-01-2024,Buy,7402364,74023.64
856,1199,MF01,04-12-2023,Buy,100344,0.0
845,1199,MF01,05-06-2023,Buy,107642,0.0
847,1199,MF01,07-07-2025,Buy,75255,0.0
854,1199,MF01,08-08-2025,Buy,68218,0.0
861,1199,MF01,09-03-2024,Buy,158063,0.0
858,1199,MF01,10-01-2025,Sell,143602,0.0
857,1199,MF01,12-07-2022,Sell,112235,0.0
859,1199,PMS01,14-11-2024,Buy,13498763,134987.63
850,1199,MF01,15-01-2025,Buy,77155,0.0
853,1199,EQ01,15-09-2023,Sell,93202,466.01
846,1199,MF01,17-06-2025,Buy,32299,0.0
852,1199,EQ01,18-05-2024,Buy,162595,812.98
862,1199,PMS01,21-05-2024,Buy,16292650,162926.5
849,1199,EQ01,21-08-2024,Buy,31236,156.18
855,1199,PMS01,21-12-2024,Sell,4913514,49135.14
860,1199,EQ01,26-06-2024,Sell,82712,413.56
434,1200,EQ01,01-01-2025,Buy,140858,704.29
425,1200,EQ01,02-02-2024,Sell,57542,287.71
427,1200,EQ01,02-04-2025,Buy,68006,340.03
421,1200,EQ01,05-12-2022,Buy,36076,180.38
422,1200,MF01,10-10-2024,Buy,160111,0.0
428,1200,EQ01,13-11-2022,Sell,14688,73.44
423,1200,MF01,14-03-2023,Buy,166147,0.0
430,1200,MF01,17-04-2024,Buy,192279,0.0
437,1200,MF01,17-10-2023,Sell,250484,0.0
438,1200,MF01,18-06-2024,Sell,156491,0.0
424,1200,EQ01,21-01-2025,Buy,60598,302.99
431,1200,EQ01,21-05-2025,Sell,156400,782.0
432,1200,EQ01,22-08-2025,Buy,114997,574.99
433,1200,EQ01,23-10-2022,Buy,130219,651.1
429,1200,EQ01,23-11-2024,Buy,184516,922.58
436,1200,EQ01,26-08-2023,Buy,184186,920.93
426,1200,EQ01,29-06-2023,Sell,37849,189.25
435,1200,EQ01,30-01-2024,Buy,144212,721.06
